hospital_name,city,state,hospital_ownership,overall_rating,cpt_code,procedure_name,payer,gross_charge,cash_price,negotiated_rate,medicare_rate,markup_vs_medicare,payer_type,price_tier
Banner - University Medical Center Phoenix,Phoenix,AZ,Voluntary non-profit,4,70553,MRI Brain with Contrast,Blue Cross Blue Shield of Arizona,8858.98,1187.35,1328.3,446,2.98,Commercial,3: High (2.5-3.5x Medicare)
Banner - University Medical Center Phoenix,Phoenix,AZ,Voluntary non-profit,4,70553,MRI Brain with Contrast,Aetna,8858.98,1187.35,903.02,446,2.02,Commercial,2: Mid (1.5-2.5x Medicare)
Banner - University Medical Center Phoenix,Phoenix,AZ,Voluntary non-profit,4,70553,MRI Brain with Contrast,UnitedHealthcare,8858.98,1187.35,1083.65,446,2.43,Commercial,2: Mid (1.5-2.5x Medicare)
Banner - University Medical Center Phoenix,Phoenix,AZ,Voluntary non-profit,4,70553,MRI Brain with Contrast,Cigna,8858.98,1187.35,1156.43,446,2.59,Commercial,3: High (2.5-3.5x Medicare)
Banner - University Medical Center Phoenix,Phoenix,AZ,Voluntary non-profit,4,70553,MRI Brain with Contrast,Humana,8858.98,1187.35,938.66,446,2.1,Commercial,2: Mid (1.5-2.5x Medicare)
Banner - University Medical Center Phoenix,Phoenix,AZ,Voluntary non-profit,4,70553,MRI Brain with Contrast,Medicare,8858.98,1187.35,466.02,446,1.04,Government,1: Low (<1.5x Medicare)
Banner - University Medical Center Phoenix,Phoenix,AZ,Voluntary non-profit,4,70553,MRI Brain with Contrast,Medicaid/AHCCCS,8858.98,1187.35,398.33,446,0.89,Government,1: Low (<1.5x Medicare)
Banner - University Medical Center Phoenix,Phoenix,AZ,Voluntary non-profit,4,70553,MRI Brain with Contrast,Cash/Self-Pay,8858.98,1187.35,1187.35,446,2.66,Cash,3: High (2.5-3.5x Medicare)
Banner - University Medical Center Phoenix,Phoenix,AZ,Voluntary non-profit,4,71250,CT Chest,Blue Cross Blue Shield of Arizona,5628.55,625.65,726.02,312,2.33,Commercial,2: Mid (1.5-2.5x Medicare)
Banner - University Medical Center Phoenix,Phoenix,AZ,Voluntary non-profit,4,71250,CT Chest,Aetna,5628.55,625.65,720.89,312,2.31,Commercial,2: Mid (1.5-2.5x Medicare)
Banner - University Medical Center Phoenix,Phoenix,AZ,Voluntary non-profit,4,71250,CT Chest,UnitedHealthcare,5628.55,625.65,851.81,312,2.73,Commercial,3: High (2.5-3.5x Medicare)
Banner - University Medical Center Phoenix,Phoenix,AZ,Voluntary non-profit,4,71250,CT Chest,Cigna,5628.55,625.65,642.34,312,2.06,Commercial,2: Mid (1.5-2.5x Medicare)
Banner - University Medical Center Phoenix,Phoenix,AZ,Voluntary non-profit,4,71250,CT Chest,Humana,5628.55,625.65,795.99,312,2.55,Commercial,3: High (2.5-3.5x Medicare)
Banner - University Medical Center Phoenix,Phoenix,AZ,Voluntary non-profit,4,71250,CT Chest,Medicare,5628.55,625.65,321.43,312,1.03,Government,1: Low (<1.5x Medicare)
Banner - University Medical Center Phoenix,Phoenix,AZ,Voluntary non-profit,4,71250,CT Chest,Medicaid/AHCCCS,5628.55,625.65,223.05,312,0.71,Government,1: Low (<1.5x Medicare)
Banner - University Medical Center Phoenix,Phoenix,AZ,Voluntary non-profit,4,71250,CT Chest,Cash/Self-Pay,5628.55,625.65,625.65,312,2.01,Cash,2: Mid (1.5-2.5x Medicare)
Banner - University Medical Center Phoenix,Phoenix,AZ,Voluntary non-profit,4,74177,CT Abdomen & Pelvis,Blue Cross Blue Shield of Arizona,7907.01,1059.67,956.29,389,2.46,Commercial,2: Mid (1.5-2.5x Medicare)
Banner - University Medical Center Phoenix,Phoenix,AZ,Voluntary non-profit,4,74177,CT Abdomen & Pelvis,Aetna,7907.01,1059.67,945.33,389,2.43,Commercial,2: Mid (1.5-2.5x Medicare)
Banner - University Medical Center Phoenix,Phoenix,AZ,Voluntary non-profit,4,74177,CT Abdomen & Pelvis,UnitedHealthcare,7907.01,1059.67,852.0,389,2.19,Commercial,2: Mid (1.5-2.5x Medicare)
Banner - University Medical Center Phoenix,Phoenix,AZ,Voluntary non-profit,4,74177,CT Abdomen & Pelvis,Cigna,7907.01,1059.67,1162.73,389,2.99,Commercial,3: High (2.5-3.5x Medicare)
Banner - University Medical Center Phoenix,Phoenix,AZ,Voluntary non-profit,4,74177,CT Abdomen & Pelvis,Humana,7907.01,1059.67,789.46,389,2.03,Commercial,2: Mid (1.5-2.5x Medicare)
Banner - University Medical Center Phoenix,Phoenix,AZ,Voluntary non-profit,4,74177,CT Abdomen & Pelvis,Medicare,7907.01,1059.67,394.31,389,1.01,Government,1: Low (<1.5x Medicare)
Banner - University Medical Center Phoenix,Phoenix,AZ,Voluntary non-profit,4,74177,CT Abdomen & Pelvis,Medicaid/AHCCCS,7907.01,1059.67,296.76,389,0.76,Government,1: Low (<1.5x Medicare)
Banner - University Medical Center Phoenix,Phoenix,AZ,Voluntary non-profit,4,74177,CT Abdomen & Pelvis,Cash/Self-Pay,7907.01,1059.67,1059.67,389,2.72,Cash,3: High (2.5-3.5x Medicare)
Banner - University Medical Center Phoenix,Phoenix,AZ,Voluntary non-profit,4,93000,Electrocardiogram (ECG),Blue Cross Blue Shield of Arizona,397.59,82.1,70.67,28,2.52,Commercial,3: High (2.5-3.5x Medicare)
Banner - University Medical Center Phoenix,Phoenix,AZ,Voluntary non-profit,4,93000,Electrocardiogram (ECG),Aetna,397.59,82.1,87.24,28,3.12,Commercial,3: High (2.5-3.5x Medicare)
Banner - University Medical Center Phoenix,Phoenix,AZ,Voluntary non-profit,4,93000,Electrocardiogram (ECG),UnitedHealthcare,397.59,82.1,68.52,28,2.45,Commercial,2: Mid (1.5-2.5x Medicare)
Banner - University Medical Center Phoenix,Phoenix,AZ,Voluntary non-profit,4,93000,Electrocardiogram (ECG),Cigna,397.59,82.1,85.78,28,3.06,Commercial,3: High (2.5-3.5x Medicare)
Banner - University Medical Center Phoenix,Phoenix,AZ,Voluntary non-profit,4,93000,Electrocardiogram (ECG),Humana,397.59,82.1,64.54,28,2.31,Commercial,2: Mid (1.5-2.5x Medicare)
Banner - University Medical Center Phoenix,Phoenix,AZ,Voluntary non-profit,4,93000,Electrocardiogram (ECG),Medicare,397.59,82.1,27.5,28,0.98,Government,1: Low (<1.5x Medicare)
Banner - University Medical Center Phoenix,Phoenix,AZ,Voluntary non-profit,4,93000,Electrocardiogram (ECG),Medicaid/AHCCCS,397.59,82.1,22.51,28,0.8,Government,1: Low (<1.5x Medicare)
Banner - University Medical Center Phoenix,Phoenix,AZ,Voluntary non-profit,4,93000,Electrocardiogram (ECG),Cash/Self-Pay,397.59,82.1,82.1,28,2.93,Cash,3: High (2.5-3.5x Medicare)
Banner - University Medical Center Phoenix,Phoenix,AZ,Voluntary non-profit,4,85025,Complete Blood Count (CBC),Blue Cross Blue Shield of Arizona,183.59,23.06,38.1,11,3.46,Commercial,3: High (2.5-3.5x Medicare)
Banner - University Medical Center Phoenix,Phoenix,AZ,Voluntary non-profit,4,85025,Complete Blood Count (CBC),Aetna,183.59,23.06,30.05,11,2.73,Commercial,3: High (2.5-3.5x Medicare)
Banner - University Medical Center Phoenix,Phoenix,AZ,Voluntary non-profit,4,85025,Complete Blood Count (CBC),UnitedHealthcare,183.59,23.06,26.26,11,2.39,Commercial,2: Mid (1.5-2.5x Medicare)
Banner - University Medical Center Phoenix,Phoenix,AZ,Voluntary non-profit,4,85025,Complete Blood Count (CBC),Cigna,183.59,23.06,27.26,11,2.48,Commercial,2: Mid (1.5-2.5x Medicare)
Banner - University Medical Center Phoenix,Phoenix,AZ,Voluntary non-profit,4,85025,Complete Blood Count (CBC),Humana,183.59,23.06,23.36,11,2.12,Commercial,2: Mid (1.5-2.5x Medicare)
Banner - University Medical Center Phoenix,Phoenix,AZ,Voluntary non-profit,4,85025,Complete Blood Count (CBC),Medicare,183.59,23.06,11.1,11,1.01,Government,1: Low (<1.5x Medicare)
Banner - University Medical Center Phoenix,Phoenix,AZ,Voluntary non-profit,4,85025,Complete Blood Count (CBC),Medicaid/AHCCCS,183.59,23.06,9.19,11,0.84,Government,1: Low (<1.5x Medicare)
Banner - University Medical Center Phoenix,Phoenix,AZ,Voluntary non-profit,4,85025,Complete Blood Count (CBC),Cash/Self-Pay,183.59,23.06,23.06,11,2.1,Cash,2: Mid (1.5-2.5x Medicare)
Banner - University Medical Center Phoenix,Phoenix,AZ,Voluntary non-profit,4,80053,Comprehensive Metabolic Panel,Blue Cross Blue Shield of Arizona,110.57,32.54,34.92,14,2.49,Commercial,2: Mid (1.5-2.5x Medicare)
Banner - University Medical Center Phoenix,Phoenix,AZ,Voluntary non-profit,4,80053,Comprehensive Metabolic Panel,Aetna,110.57,32.54,33.73,14,2.41,Commercial,2: Mid (1.5-2.5x Medicare)
Banner - University Medical Center Phoenix,Phoenix,AZ,Voluntary non-profit,4,80053,Comprehensive Metabolic Panel,UnitedHealthcare,110.57,32.54,34.53,14,2.47,Commercial,2: Mid (1.5-2.5x Medicare)
Banner - University Medical Center Phoenix,Phoenix,AZ,Voluntary non-profit,4,80053,Comprehensive Metabolic Panel,Cigna,110.57,32.54,34.17,14,2.44,Commercial,2: Mid (1.5-2.5x Medicare)
Banner - University Medical Center Phoenix,Phoenix,AZ,Voluntary non-profit,4,80053,Comprehensive Metabolic Panel,Humana,110.57,32.54,28.01,14,2.0,Commercial,2: Mid (1.5-2.5x Medicare)
Banner - University Medical Center Phoenix,Phoenix,AZ,Voluntary non-profit,4,80053,Comprehensive Metabolic Panel,Medicare,110.57,32.54,14.56,14,1.04,Government,1: Low (<1.5x Medicare)
Banner - University Medical Center Phoenix,Phoenix,AZ,Voluntary non-profit,4,80053,Comprehensive Metabolic Panel,Medicaid/AHCCCS,110.57,32.54,11.5,14,0.82,Government,1: Low (<1.5x Medicare)
Banner - University Medical Center Phoenix,Phoenix,AZ,Voluntary non-profit,4,80053,Comprehensive Metabolic Panel,Cash/Self-Pay,110.57,32.54,32.54,14,2.32,Cash,2: Mid (1.5-2.5x Medicare)
Banner - University Medical Center Phoenix,Phoenix,AZ,Voluntary non-profit,4,36415,Blood Draw,Blue Cross Blue Shield of Arizona,23.41,5.08,9.19,3,3.06,Commercial,3: High (2.5-3.5x Medicare)
Banner - University Medical Center Phoenix,Phoenix,AZ,Voluntary non-profit,4,36415,Blood Draw,Aetna,23.41,5.08,8.56,3,2.85,Commercial,3: High (2.5-3.5x Medicare)
Banner - University Medical Center Phoenix,Phoenix,AZ,Voluntary non-profit,4,36415,Blood Draw,UnitedHealthcare,23.41,5.08,7.45,3,2.48,Commercial,2: Mid (1.5-2.5x Medicare)
Banner - University Medical Center Phoenix,Phoenix,AZ,Voluntary non-profit,4,36415,Blood Draw,Cigna,23.41,5.08,9.48,3,3.16,Commercial,3: High (2.5-3.5x Medicare)
Banner - University Medical Center Phoenix,Phoenix,AZ,Voluntary non-profit,4,36415,Blood Draw,Humana,23.41,5.08,8.3,3,2.77,Commercial,3: High (2.5-3.5x Medicare)
Banner - University Medical Center Phoenix,Phoenix,AZ,Voluntary non-profit,4,36415,Blood Draw,Medicare,23.41,5.08,2.86,3,0.95,Government,1: Low (<1.5x Medicare)
Banner - University Medical Center Phoenix,Phoenix,AZ,Voluntary non-profit,4,36415,Blood Draw,Medicaid/AHCCCS,23.41,5.08,2.49,3,0.83,Government,1: Low (<1.5x Medicare)
Banner - University Medical Center Phoenix,Phoenix,AZ,Voluntary non-profit,4,36415,Blood Draw,Cash/Self-Pay,23.41,5.08,5.08,3,1.69,Cash,2: Mid (1.5-2.5x Medicare)
Banner - University Medical Center Phoenix,Phoenix,AZ,Voluntary non-profit,4,99213,Office Visit (Established Patient),Blue Cross Blue Shield of Arizona,1144.72,343.0,395.61,115,3.44,Commercial,3: High (2.5-3.5x Medicare)
Banner - University Medical Center Phoenix,Phoenix,AZ,Voluntary non-profit,4,99213,Office Visit (Established Patient),Aetna,1144.72,343.0,362.98,115,3.16,Commercial,3: High (2.5-3.5x Medicare)
Banner - University Medical Center Phoenix,Phoenix,AZ,Voluntary non-profit,4,99213,Office Visit (Established Patient),UnitedHealthcare,1144.72,343.0,283.84,115,2.47,Commercial,2: Mid (1.5-2.5x Medicare)
Banner - University Medical Center Phoenix,Phoenix,AZ,Voluntary non-profit,4,99213,Office Visit (Established Patient),Cigna,1144.72,343.0,250.94,115,2.18,Commercial,2: Mid (1.5-2.5x Medicare)
Banner - University Medical Center Phoenix,Phoenix,AZ,Voluntary non-profit,4,99213,Office Visit (Established Patient),Humana,1144.72,343.0,259.02,115,2.25,Commercial,2: Mid (1.5-2.5x Medicare)
Banner - University Medical Center Phoenix,Phoenix,AZ,Voluntary non-profit,4,99213,Office Visit (Established Patient),Medicare,1144.72,343.0,118.57,115,1.03,Government,1: Low (<1.5x Medicare)
Banner - University Medical Center Phoenix,Phoenix,AZ,Voluntary non-profit,4,99213,Office Visit (Established Patient),Medicaid/AHCCCS,1144.72,343.0,100.44,115,0.87,Government,1: Low (<1.5x Medicare)
Banner - University Medical Center Phoenix,Phoenix,AZ,Voluntary non-profit,4,99213,Office Visit (Established Patient),Cash/Self-Pay,1144.72,343.0,343.0,115,2.98,Cash,3: High (2.5-3.5x Medicare)
Banner - University Medical Center Phoenix,Phoenix,AZ,Voluntary non-profit,4,99283,Emergency Dept Visit (Moderate),Blue Cross Blue Shield of Arizona,3605.27,432.09,530.47,186,2.85,Commercial,3: High (2.5-3.5x Medicare)
Banner - University Medical Center Phoenix,Phoenix,AZ,Voluntary non-profit,4,99283,Emergency Dept Visit (Moderate),Aetna,3605.27,432.09,455.83,186,2.45,Commercial,2: Mid (1.5-2.5x Medicare)
Banner - University Medical Center Phoenix,Phoenix,AZ,Voluntary non-profit,4,99283,Emergency Dept Visit (Moderate),UnitedHealthcare,3605.27,432.09,466.67,186,2.51,Commercial,3: High (2.5-3.5x Medicare)
Banner - University Medical Center Phoenix,Phoenix,AZ,Voluntary non-profit,4,99283,Emergency Dept Visit (Moderate),Cigna,3605.27,432.09,558.18,186,3.0,Commercial,3: High (2.5-3.5x Medicare)
Banner - University Medical Center Phoenix,Phoenix,AZ,Voluntary non-profit,4,99283,Emergency Dept Visit (Moderate),Humana,3605.27,432.09,495.67,186,2.66,Commercial,3: High (2.5-3.5x Medicare)
Banner - University Medical Center Phoenix,Phoenix,AZ,Voluntary non-profit,4,99283,Emergency Dept Visit (Moderate),Medicare,3605.27,432.09,194.85,186,1.05,Government,1: Low (<1.5x Medicare)
Banner - University Medical Center Phoenix,Phoenix,AZ,Voluntary non-profit,4,99283,Emergency Dept Visit (Moderate),Medicaid/AHCCCS,3605.27,432.09,149.41,186,0.8,Government,1: Low (<1.5x Medicare)
Banner - University Medical Center Phoenix,Phoenix,AZ,Voluntary non-profit,4,99283,Emergency Dept Visit (Moderate),Cash/Self-Pay,3605.27,432.09,432.09,186,2.32,Cash,2: Mid (1.5-2.5x Medicare)
Banner - University Medical Center Phoenix,Phoenix,AZ,Voluntary non-profit,4,27447,Total Knee Replacement,Blue Cross Blue Shield of Arizona,18915.51,4414.97,4083.33,1600,2.55,Commercial,3: High (2.5-3.5x Medicare)
Banner - University Medical Center Phoenix,Phoenix,AZ,Voluntary non-profit,4,27447,Total Knee Replacement,Aetna,18915.51,4414.97,3985.19,1600,2.49,Commercial,2: Mid (1.5-2.5x Medicare)
Banner - University Medical Center Phoenix,Phoenix,AZ,Voluntary non-profit,4,27447,Total Knee Replacement,UnitedHealthcare,18915.51,4414.97,3417.47,1600,2.14,Commercial,2: Mid (1.5-2.5x Medicare)
Banner - University Medical Center Phoenix,Phoenix,AZ,Voluntary non-profit,4,27447,Total Knee Replacement,Cigna,18915.51,4414.97,3940.42,1600,2.46,Commercial,2: Mid (1.5-2.5x Medicare)
Banner - University Medical Center Phoenix,Phoenix,AZ,Voluntary non-profit,4,27447,Total Knee Replacement,Humana,18915.51,4414.97,4391.02,1600,2.74,Commercial,3: High (2.5-3.5x Medicare)
Banner - University Medical Center Phoenix,Phoenix,AZ,Voluntary non-profit,4,27447,Total Knee Replacement,Medicare,18915.51,4414.97,1535.65,1600,0.96,Government,1: Low (<1.5x Medicare)
Banner - University Medical Center Phoenix,Phoenix,AZ,Voluntary non-profit,4,27447,Total Knee Replacement,Medicaid/AHCCCS,18915.51,4414.97,1277.32,1600,0.8,Government,1: Low (<1.5x Medicare)
Banner - University Medical Center Phoenix,Phoenix,AZ,Voluntary non-profit,4,27447,Total Knee Replacement,Cash/Self-Pay,18915.51,4414.97,4414.97,1600,2.76,Cash,3: High (2.5-3.5x Medicare)
Banner - University Medical Center Phoenix,Phoenix,AZ,Voluntary non-profit,4,27130,Total Hip Replacement,Blue Cross Blue Shield of Arizona,21243.99,2786.12,4270.39,1545,2.76,Commercial,3: High (2.5-3.5x Medicare)
Banner - University Medical Center Phoenix,Phoenix,AZ,Voluntary non-profit,4,27130,Total Hip Replacement,Aetna,21243.99,2786.12,4022.81,1545,2.6,Commercial,3: High (2.5-3.5x Medicare)
Banner - University Medical Center Phoenix,Phoenix,AZ,Voluntary non-profit,4,27130,Total Hip Replacement,UnitedHealthcare,21243.99,2786.12,3867.03,1545,2.5,Commercial,3: High (2.5-3.5x Medicare)
Banner - University Medical Center Phoenix,Phoenix,AZ,Voluntary non-profit,4,27130,Total Hip Replacement,Cigna,21243.99,2786.12,4980.93,1545,3.22,Commercial,3: High (2.5-3.5x Medicare)
Banner - University Medical Center Phoenix,Phoenix,AZ,Voluntary non-profit,4,27130,Total Hip Replacement,Humana,21243.99,2786.12,2969.28,1545,1.92,Commercial,2: Mid (1.5-2.5x Medicare)
Banner - University Medical Center Phoenix,Phoenix,AZ,Voluntary non-profit,4,27130,Total Hip Replacement,Medicare,21243.99,2786.12,1573.27,1545,1.02,Government,1: Low (<1.5x Medicare)
Banner - University Medical Center Phoenix,Phoenix,AZ,Voluntary non-profit,4,27130,Total Hip Replacement,Medicaid/AHCCCS,21243.99,2786.12,1103.5,1545,0.71,Government,1: Low (<1.5x Medicare)
Banner - University Medical Center Phoenix,Phoenix,AZ,Voluntary non-profit,4,27130,Total Hip Replacement,Cash/Self-Pay,21243.99,2786.12,2786.12,1545,1.8,Cash,2: Mid (1.5-2.5x Medicare)
Banner - University Medical Center Phoenix,Phoenix,AZ,Voluntary non-profit,4,43239,Upper GI Endoscopy,Blue Cross Blue Shield of Arizona,7203.98,1735.47,1364.92,612,2.23,Commercial,2: Mid (1.5-2.5x Medicare)
Banner - University Medical Center Phoenix,Phoenix,AZ,Voluntary non-profit,4,43239,Upper GI Endoscopy,Aetna,7203.98,1735.47,1763.84,612,2.88,Commercial,3: High (2.5-3.5x Medicare)
Banner - University Medical Center Phoenix,Phoenix,AZ,Voluntary non-profit,4,43239,Upper GI Endoscopy,UnitedHealthcare,7203.98,1735.47,1404.63,612,2.3,Commercial,2: Mid (1.5-2.5x Medicare)
Banner - University Medical Center Phoenix,Phoenix,AZ,Voluntary non-profit,4,43239,Upper GI Endoscopy,Cigna,7203.98,1735.47,1821.39,612,2.98,Commercial,3: High (2.5-3.5x Medicare)
Banner - University Medical Center Phoenix,Phoenix,AZ,Voluntary non-profit,4,43239,Upper GI Endoscopy,Humana,7203.98,1735.47,1820.47,612,2.97,Commercial,3: High (2.5-3.5x Medicare)
Banner - University Medical Center Phoenix,Phoenix,AZ,Voluntary non-profit,4,43239,Upper GI Endoscopy,Medicare,7203.98,1735.47,582.06,612,0.95,Government,1: Low (<1.5x Medicare)
Banner - University Medical Center Phoenix,Phoenix,AZ,Voluntary non-profit,4,43239,Upper GI Endoscopy,Medicaid/AHCCCS,7203.98,1735.47,539.22,612,0.88,Government,1: Low (<1.5x Medicare)
Banner - University Medical Center Phoenix,Phoenix,AZ,Voluntary non-profit,4,43239,Upper GI Endoscopy,Cash/Self-Pay,7203.98,1735.47,1735.47,612,2.84,Cash,3: High (2.5-3.5x Medicare)
Banner - University Medical Center Phoenix,Phoenix,AZ,Voluntary non-profit,4,45378,Colonoscopy,Blue Cross Blue Shield of Arizona,4356.53,997.73,1690.06,492,3.44,Commercial,3: High (2.5-3.5x Medicare)
Banner - University Medical Center Phoenix,Phoenix,AZ,Voluntary non-profit,4,45378,Colonoscopy,Aetna,4356.53,997.73,1381.05,492,2.81,Commercial,3: High (2.5-3.5x Medicare)
Banner - University Medical Center Phoenix,Phoenix,AZ,Voluntary non-profit,4,45378,Colonoscopy,UnitedHealthcare,4356.53,997.73,1210.04,492,2.46,Commercial,2: Mid (1.5-2.5x Medicare)
Banner - University Medical Center Phoenix,Phoenix,AZ,Voluntary non-profit,4,45378,Colonoscopy,Cigna,4356.53,997.73,1379.41,492,2.8,Commercial,3: High (2.5-3.5x Medicare)
Banner - University Medical Center Phoenix,Phoenix,AZ,Voluntary non-profit,4,45378,Colonoscopy,Humana,4356.53,997.73,982.83,492,2.0,Commercial,2: Mid (1.5-2.5x Medicare)
Banner - University Medical Center Phoenix,Phoenix,AZ,Voluntary non-profit,4,45378,Colonoscopy,Medicare,4356.53,997.73,515.94,492,1.05,Government,1: Low (<1.5x Medicare)
Banner - University Medical Center Phoenix,Phoenix,AZ,Voluntary non-profit,4,45378,Colonoscopy,Medicaid/AHCCCS,4356.53,997.73,381.23,492,0.77,Government,1: Low (<1.5x Medicare)
Banner - University Medical Center Phoenix,Phoenix,AZ,Voluntary non-profit,4,45378,Colonoscopy,Cash/Self-Pay,4356.53,997.73,997.73,492,2.03,Cash,2: Mid (1.5-2.5x Medicare)
Banner - University Medical Center Phoenix,Phoenix,AZ,Voluntary non-profit,4,59510,Cesarean Section,Blue Cross Blue Shield of Arizona,26109.31,5851.5,7205.99,2100,3.43,Commercial,3: High (2.5-3.5x Medicare)
Banner - University Medical Center Phoenix,Phoenix,AZ,Voluntary non-profit,4,59510,Cesarean Section,Aetna,26109.31,5851.5,5269.04,2100,2.51,Commercial,3: High (2.5-3.5x Medicare)
Banner - University Medical Center Phoenix,Phoenix,AZ,Voluntary non-profit,4,59510,Cesarean Section,UnitedHealthcare,26109.31,5851.5,4079.42,2100,1.94,Commercial,2: Mid (1.5-2.5x Medicare)
Banner - University Medical Center Phoenix,Phoenix,AZ,Voluntary non-profit,4,59510,Cesarean Section,Cigna,26109.31,5851.5,4979.99,2100,2.37,Commercial,2: Mid (1.5-2.5x Medicare)
Banner - University Medical Center Phoenix,Phoenix,AZ,Voluntary non-profit,4,59510,Cesarean Section,Humana,26109.31,5851.5,6235.68,2100,2.97,Commercial,3: High (2.5-3.5x Medicare)
Banner - University Medical Center Phoenix,Phoenix,AZ,Voluntary non-profit,4,59510,Cesarean Section,Medicare,26109.31,5851.5,2203.52,2100,1.05,Government,1: Low (<1.5x Medicare)
Banner - University Medical Center Phoenix,Phoenix,AZ,Voluntary non-profit,4,59510,Cesarean Section,Medicaid/AHCCCS,26109.31,5851.5,1500.99,2100,0.71,Government,1: Low (<1.5x Medicare)
Banner - University Medical Center Phoenix,Phoenix,AZ,Voluntary non-profit,4,59510,Cesarean Section,Cash/Self-Pay,26109.31,5851.5,5851.5,2100,2.79,Cash,3: High (2.5-3.5x Medicare)
Mayo Clinic Hospital,Phoenix,AZ,Voluntary non-profit,5,70553,MRI Brain with Contrast,Blue Cross Blue Shield of Arizona,9906.45,1153.77,1346.13,446,3.02,Commercial,3: High (2.5-3.5x Medicare)
Mayo Clinic Hospital,Phoenix,AZ,Voluntary non-profit,5,70553,MRI Brain with Contrast,Aetna,9906.45,1153.77,1042.37,446,2.34,Commercial,2: Mid (1.5-2.5x Medicare)
Mayo Clinic Hospital,Phoenix,AZ,Voluntary non-profit,5,70553,MRI Brain with Contrast,UnitedHealthcare,9906.45,1153.77,1050.97,446,2.36,Commercial,2: Mid (1.5-2.5x Medicare)
Mayo Clinic Hospital,Phoenix,AZ,Voluntary non-profit,5,70553,MRI Brain with Contrast,Cigna,9906.45,1153.77,1202.83,446,2.7,Commercial,3: High (2.5-3.5x Medicare)
Mayo Clinic Hospital,Phoenix,AZ,Voluntary non-profit,5,70553,MRI Brain with Contrast,Humana,9906.45,1153.77,1355.73,446,3.04,Commercial,3: High (2.5-3.5x Medicare)
Mayo Clinic Hospital,Phoenix,AZ,Voluntary non-profit,5,70553,MRI Brain with Contrast,Medicare,9906.45,1153.77,451.06,446,1.01,Government,1: Low (<1.5x Medicare)
Mayo Clinic Hospital,Phoenix,AZ,Voluntary non-profit,5,70553,MRI Brain with Contrast,Medicaid/AHCCCS,9906.45,1153.77,349.51,446,0.78,Government,1: Low (<1.5x Medicare)
Mayo Clinic Hospital,Phoenix,AZ,Voluntary non-profit,5,70553,MRI Brain with Contrast,Cash/Self-Pay,9906.45,1153.77,1153.77,446,2.59,Cash,3: High (2.5-3.5x Medicare)
Mayo Clinic Hospital,Phoenix,AZ,Voluntary non-profit,5,71250,CT Chest,Blue Cross Blue Shield of Arizona,6768.56,988.87,704.74,312,2.26,Commercial,2: Mid (1.5-2.5x Medicare)
Mayo Clinic Hospital,Phoenix,AZ,Voluntary non-profit,5,71250,CT Chest,Aetna,6768.56,988.87,766.61,312,2.46,Commercial,2: Mid (1.5-2.5x Medicare)
Mayo Clinic Hospital,Phoenix,AZ,Voluntary non-profit,5,71250,CT Chest,UnitedHealthcare,6768.56,988.87,582.71,312,1.87,Commercial,2: Mid (1.5-2.5x Medicare)
Mayo Clinic Hospital,Phoenix,AZ,Voluntary non-profit,5,71250,CT Chest,Cigna,6768.56,988.87,1007.2,312,3.23,Commercial,3: High (2.5-3.5x Medicare)
Mayo Clinic Hospital,Phoenix,AZ,Voluntary non-profit,5,71250,CT Chest,Humana,6768.56,988.87,678.4,312,2.17,Commercial,2: Mid (1.5-2.5x Medicare)
Mayo Clinic Hospital,Phoenix,AZ,Voluntary non-profit,5,71250,CT Chest,Medicare,6768.56,988.87,315.69,312,1.01,Government,1: Low (<1.5x Medicare)
Mayo Clinic Hospital,Phoenix,AZ,Voluntary non-profit,5,71250,CT Chest,Medicaid/AHCCCS,6768.56,988.87,240.75,312,0.77,Government,1: Low (<1.5x Medicare)
Mayo Clinic Hospital,Phoenix,AZ,Voluntary non-profit,5,71250,CT Chest,Cash/Self-Pay,6768.56,988.87,988.87,312,3.17,Cash,3: High (2.5-3.5x Medicare)
Mayo Clinic Hospital,Phoenix,AZ,Voluntary non-profit,5,74177,CT Abdomen & Pelvis,Blue Cross Blue Shield of Arizona,3928.76,1104.42,1118.92,389,2.88,Commercial,3: High (2.5-3.5x Medicare)
Mayo Clinic Hospital,Phoenix,AZ,Voluntary non-profit,5,74177,CT Abdomen & Pelvis,Aetna,3928.76,1104.42,966.35,389,2.48,Commercial,2: Mid (1.5-2.5x Medicare)
Mayo Clinic Hospital,Phoenix,AZ,Voluntary non-profit,5,74177,CT Abdomen & Pelvis,UnitedHealthcare,3928.76,1104.42,763.86,389,1.96,Commercial,2: Mid (1.5-2.5x Medicare)
Mayo Clinic Hospital,Phoenix,AZ,Voluntary non-profit,5,74177,CT Abdomen & Pelvis,Cigna,3928.76,1104.42,954.11,389,2.45,Commercial,2: Mid (1.5-2.5x Medicare)
Mayo Clinic Hospital,Phoenix,AZ,Voluntary non-profit,5,74177,CT Abdomen & Pelvis,Humana,3928.76,1104.42,807.75,389,2.08,Commercial,2: Mid (1.5-2.5x Medicare)
Mayo Clinic Hospital,Phoenix,AZ,Voluntary non-profit,5,74177,CT Abdomen & Pelvis,Medicare,3928.76,1104.42,388.69,389,1.0,Government,1: Low (<1.5x Medicare)
Mayo Clinic Hospital,Phoenix,AZ,Voluntary non-profit,5,74177,CT Abdomen & Pelvis,Medicaid/AHCCCS,3928.76,1104.42,292.39,389,0.75,Government,1: Low (<1.5x Medicare)
Mayo Clinic Hospital,Phoenix,AZ,Voluntary non-profit,5,74177,CT Abdomen & Pelvis,Cash/Self-Pay,3928.76,1104.42,1104.42,389,2.84,Cash,3: High (2.5-3.5x Medicare)
Mayo Clinic Hospital,Phoenix,AZ,Voluntary non-profit,5,93000,Electrocardiogram (ECG),Blue Cross Blue Shield of Arizona,419.75,94.16,79.53,28,2.84,Commercial,3: High (2.5-3.5x Medicare)
Mayo Clinic Hospital,Phoenix,AZ,Voluntary non-profit,5,93000,Electrocardiogram (ECG),Aetna,419.75,94.16,61.1,28,2.18,Commercial,2: Mid (1.5-2.5x Medicare)
Mayo Clinic Hospital,Phoenix,AZ,Voluntary non-profit,5,93000,Electrocardiogram (ECG),UnitedHealthcare,419.75,94.16,72.83,28,2.6,Commercial,3: High (2.5-3.5x Medicare)
Mayo Clinic Hospital,Phoenix,AZ,Voluntary non-profit,5,93000,Electrocardiogram (ECG),Cigna,419.75,94.16,59.23,28,2.12,Commercial,2: Mid (1.5-2.5x Medicare)
Mayo Clinic Hospital,Phoenix,AZ,Voluntary non-profit,5,93000,Electrocardiogram (ECG),Humana,419.75,94.16,54.52,28,1.95,Commercial,2: Mid (1.5-2.5x Medicare)
Mayo Clinic Hospital,Phoenix,AZ,Voluntary non-profit,5,93000,Electrocardiogram (ECG),Medicare,419.75,94.16,28.36,28,1.01,Government,1: Low (<1.5x Medicare)
Mayo Clinic Hospital,Phoenix,AZ,Voluntary non-profit,5,93000,Electrocardiogram (ECG),Medicaid/AHCCCS,419.75,94.16,20.06,28,0.72,Government,1: Low (<1.5x Medicare)
Mayo Clinic Hospital,Phoenix,AZ,Voluntary non-profit,5,93000,Electrocardiogram (ECG),Cash/Self-Pay,419.75,94.16,94.16,28,3.36,Cash,3: High (2.5-3.5x Medicare)
Mayo Clinic Hospital,Phoenix,AZ,Voluntary non-profit,5,85025,Complete Blood Count (CBC),Blue Cross Blue Shield of Arizona,229.43,35.89,25.07,11,2.28,Commercial,2: Mid (1.5-2.5x Medicare)
Mayo Clinic Hospital,Phoenix,AZ,Voluntary non-profit,5,85025,Complete Blood Count (CBC),Aetna,229.43,35.89,28.4,11,2.58,Commercial,3: High (2.5-3.5x Medicare)
Mayo Clinic Hospital,Phoenix,AZ,Voluntary non-profit,5,85025,Complete Blood Count (CBC),UnitedHealthcare,229.43,35.89,29.22,11,2.66,Commercial,3: High (2.5-3.5x Medicare)
Mayo Clinic Hospital,Phoenix,AZ,Voluntary non-profit,5,85025,Complete Blood Count (CBC),Cigna,229.43,35.89,25.47,11,2.32,Commercial,2: Mid (1.5-2.5x Medicare)
Mayo Clinic Hospital,Phoenix,AZ,Voluntary non-profit,5,85025,Complete Blood Count (CBC),Humana,229.43,35.89,22.48,11,2.04,Commercial,2: Mid (1.5-2.5x Medicare)
Mayo Clinic Hospital,Phoenix,AZ,Voluntary non-profit,5,85025,Complete Blood Count (CBC),Medicare,229.43,35.89,11.1,11,1.01,Government,1: Low (<1.5x Medicare)
Mayo Clinic Hospital,Phoenix,AZ,Voluntary non-profit,5,85025,Complete Blood Count (CBC),Medicaid/AHCCCS,229.43,35.89,9.19,11,0.84,Government,1: Low (<1.5x Medicare)
Mayo Clinic Hospital,Phoenix,AZ,Voluntary non-profit,5,85025,Complete Blood Count (CBC),Cash/Self-Pay,229.43,35.89,35.89,11,3.26,Cash,3: High (2.5-3.5x Medicare)
Mayo Clinic Hospital,Phoenix,AZ,Voluntary non-profit,5,80053,Comprehensive Metabolic Panel,Blue Cross Blue Shield of Arizona,275.27,35.63,32.38,14,2.31,Commercial,2: Mid (1.5-2.5x Medicare)
Mayo Clinic Hospital,Phoenix,AZ,Voluntary non-profit,5,80053,Comprehensive Metabolic Panel,Aetna,275.27,35.63,34.1,14,2.44,Commercial,2: Mid (1.5-2.5x Medicare)
Mayo Clinic Hospital,Phoenix,AZ,Voluntary non-profit,5,80053,Comprehensive Metabolic Panel,UnitedHealthcare,275.27,35.63,26.91,14,1.92,Commercial,2: Mid (1.5-2.5x Medicare)
Mayo Clinic Hospital,Phoenix,AZ,Voluntary non-profit,5,80053,Comprehensive Metabolic Panel,Cigna,275.27,35.63,44.32,14,3.17,Commercial,3: High (2.5-3.5x Medicare)
Mayo Clinic Hospital,Phoenix,AZ,Voluntary non-profit,5,80053,Comprehensive Metabolic Panel,Humana,275.27,35.63,42.89,14,3.06,Commercial,3: High (2.5-3.5x Medicare)
Mayo Clinic Hospital,Phoenix,AZ,Voluntary non-profit,5,80053,Comprehensive Metabolic Panel,Medicare,275.27,35.63,14.44,14,1.03,Government,1: Low (<1.5x Medicare)
Mayo Clinic Hospital,Phoenix,AZ,Voluntary non-profit,5,80053,Comprehensive Metabolic Panel,Medicaid/AHCCCS,275.27,35.63,10.52,14,0.75,Government,1: Low (<1.5x Medicare)
Mayo Clinic Hospital,Phoenix,AZ,Voluntary non-profit,5,80053,Comprehensive Metabolic Panel,Cash/Self-Pay,275.27,35.63,35.63,14,2.55,Cash,3: High (2.5-3.5x Medicare)
Mayo Clinic Hospital,Phoenix,AZ,Voluntary non-profit,5,36415,Blood Draw,Blue Cross Blue Shield of Arizona,32.73,8.5,10.22,3,3.41,Commercial,3: High (2.5-3.5x Medicare)
Mayo Clinic Hospital,Phoenix,AZ,Voluntary non-profit,5,36415,Blood Draw,Aetna,32.73,8.5,7.53,3,2.51,Commercial,3: High (2.5-3.5x Medicare)
Mayo Clinic Hospital,Phoenix,AZ,Voluntary non-profit,5,36415,Blood Draw,UnitedHealthcare,32.73,8.5,5.96,3,1.99,Commercial,2: Mid (1.5-2.5x Medicare)
Mayo Clinic Hospital,Phoenix,AZ,Voluntary non-profit,5,36415,Blood Draw,Cigna,32.73,8.5,9.86,3,3.29,Commercial,3: High (2.5-3.5x Medicare)
Mayo Clinic Hospital,Phoenix,AZ,Voluntary non-profit,5,36415,Blood Draw,Humana,32.73,8.5,7.4,3,2.47,Commercial,2: Mid (1.5-2.5x Medicare)
Mayo Clinic Hospital,Phoenix,AZ,Voluntary non-profit,5,36415,Blood Draw,Medicare,32.73,8.5,2.95,3,0.98,Government,1: Low (<1.5x Medicare)
Mayo Clinic Hospital,Phoenix,AZ,Voluntary non-profit,5,36415,Blood Draw,Medicaid/AHCCCS,32.73,8.5,2.66,3,0.89,Government,1: Low (<1.5x Medicare)
Mayo Clinic Hospital,Phoenix,AZ,Voluntary non-profit,5,36415,Blood Draw,Cash/Self-Pay,32.73,8.5,8.5,3,2.83,Cash,3: High (2.5-3.5x Medicare)
Mayo Clinic Hospital,Phoenix,AZ,Voluntary non-profit,5,99213,Office Visit (Established Patient),Blue Cross Blue Shield of Arizona,2328.62,383.82,271.58,115,2.36,Commercial,2: Mid (1.5-2.5x Medicare)
Mayo Clinic Hospital,Phoenix,AZ,Voluntary non-profit,5,99213,Office Visit (Established Patient),Aetna,2328.62,383.82,346.17,115,3.01,Commercial,3: High (2.5-3.5x Medicare)
Mayo Clinic Hospital,Phoenix,AZ,Voluntary non-profit,5,99213,Office Visit (Established Patient),UnitedHealthcare,2328.62,383.82,298.8,115,2.6,Commercial,3: High (2.5-3.5x Medicare)
Mayo Clinic Hospital,Phoenix,AZ,Voluntary non-profit,5,99213,Office Visit (Established Patient),Cigna,2328.62,383.82,286.35,115,2.49,Commercial,2: Mid (1.5-2.5x Medicare)
Mayo Clinic Hospital,Phoenix,AZ,Voluntary non-profit,5,99213,Office Visit (Established Patient),Humana,2328.62,383.82,271.48,115,2.36,Commercial,2: Mid (1.5-2.5x Medicare)
Mayo Clinic Hospital,Phoenix,AZ,Voluntary non-profit,5,99213,Office Visit (Established Patient),Medicare,2328.62,383.82,119.67,115,1.04,Government,1: Low (<1.5x Medicare)
Mayo Clinic Hospital,Phoenix,AZ,Voluntary non-profit,5,99213,Office Visit (Established Patient),Medicaid/AHCCCS,2328.62,383.82,94.86,115,0.82,Government,1: Low (<1.5x Medicare)
Mayo Clinic Hospital,Phoenix,AZ,Voluntary non-profit,5,99213,Office Visit (Established Patient),Cash/Self-Pay,2328.62,383.82,383.82,115,3.34,Cash,3: High (2.5-3.5x Medicare)
Mayo Clinic Hospital,Phoenix,AZ,Voluntary non-profit,5,99283,Emergency Dept Visit (Moderate),Blue Cross Blue Shield of Arizona,1887.32,612.82,560.98,186,3.02,Commercial,3: High (2.5-3.5x Medicare)
Mayo Clinic Hospital,Phoenix,AZ,Voluntary non-profit,5,99283,Emergency Dept Visit (Moderate),Aetna,1887.32,612.82,548.01,186,2.95,Commercial,3: High (2.5-3.5x Medicare)
Mayo Clinic Hospital,Phoenix,AZ,Voluntary non-profit,5,99283,Emergency Dept Visit (Moderate),UnitedHealthcare,1887.32,612.82,504.98,186,2.71,Commercial,3: High (2.5-3.5x Medicare)
Mayo Clinic Hospital,Phoenix,AZ,Voluntary non-profit,5,99283,Emergency Dept Visit (Moderate),Cigna,1887.32,612.82,468.06,186,2.52,Commercial,3: High (2.5-3.5x Medicare)
Mayo Clinic Hospital,Phoenix,AZ,Voluntary non-profit,5,99283,Emergency Dept Visit (Moderate),Humana,1887.32,612.82,508.29,186,2.73,Commercial,3: High (2.5-3.5x Medicare)
Mayo Clinic Hospital,Phoenix,AZ,Voluntary non-profit,5,99283,Emergency Dept Visit (Moderate),Medicare,1887.32,612.82,181.38,186,0.98,Government,1: Low (<1.5x Medicare)
Mayo Clinic Hospital,Phoenix,AZ,Voluntary non-profit,5,99283,Emergency Dept Visit (Moderate),Medicaid/AHCCCS,1887.32,612.82,143.06,186,0.77,Government,1: Low (<1.5x Medicare)
Mayo Clinic Hospital,Phoenix,AZ,Voluntary non-profit,5,99283,Emergency Dept Visit (Moderate),Cash/Self-Pay,1887.32,612.82,612.82,186,3.29,Cash,3: High (2.5-3.5x Medicare)
Mayo Clinic Hospital,Phoenix,AZ,Voluntary non-profit,5,27447,Total Knee Replacement,Blue Cross Blue Shield of Arizona,17700.26,5186.31,4733.45,1600,2.96,Commercial,3: High (2.5-3.5x Medicare)
Mayo Clinic Hospital,Phoenix,AZ,Voluntary non-profit,5,27447,Total Knee Replacement,Aetna,17700.26,5186.31,4373.99,1600,2.73,Commercial,3: High (2.5-3.5x Medicare)
Mayo Clinic Hospital,Phoenix,AZ,Voluntary non-profit,5,27447,Total Knee Replacement,UnitedHealthcare,17700.26,5186.31,4237.9,1600,2.65,Commercial,3: High (2.5-3.5x Medicare)
Mayo Clinic Hospital,Phoenix,AZ,Voluntary non-profit,5,27447,Total Knee Replacement,Cigna,17700.26,5186.31,5125.18,1600,3.2,Commercial,3: High (2.5-3.5x Medicare)
Mayo Clinic Hospital,Phoenix,AZ,Voluntary non-profit,5,27447,Total Knee Replacement,Humana,17700.26,5186.31,4710.2,1600,2.94,Commercial,3: High (2.5-3.5x Medicare)
Mayo Clinic Hospital,Phoenix,AZ,Voluntary non-profit,5,27447,Total Knee Replacement,Medicare,17700.26,5186.31,1614.6,1600,1.01,Government,1: Low (<1.5x Medicare)
Mayo Clinic Hospital,Phoenix,AZ,Voluntary non-profit,5,27447,Total Knee Replacement,Medicaid/AHCCCS,17700.26,5186.31,1247.68,1600,0.78,Government,1: Low (<1.5x Medicare)
Mayo Clinic Hospital,Phoenix,AZ,Voluntary non-profit,5,27447,Total Knee Replacement,Cash/Self-Pay,17700.26,5186.31,5186.31,1600,3.24,Cash,3: High (2.5-3.5x Medicare)
Mayo Clinic Hospital,Phoenix,AZ,Voluntary non-profit,5,27130,Total Hip Replacement,Blue Cross Blue Shield of Arizona,14318.19,3503.74,5011.53,1545,3.24,Commercial,3: High (2.5-3.5x Medicare)
Mayo Clinic Hospital,Phoenix,AZ,Voluntary non-profit,5,27130,Total Hip Replacement,Aetna,14318.19,3503.74,3733.25,1545,2.42,Commercial,2: Mid (1.5-2.5x Medicare)
Mayo Clinic Hospital,Phoenix,AZ,Voluntary non-profit,5,27130,Total Hip Replacement,UnitedHealthcare,14318.19,3503.74,3704.97,1545,2.4,Commercial,2: Mid (1.5-2.5x Medicare)
Mayo Clinic Hospital,Phoenix,AZ,Voluntary non-profit,5,27130,Total Hip Replacement,Cigna,14318.19,3503.74,4422.71,1545,2.86,Commercial,3: High (2.5-3.5x Medicare)
Mayo Clinic Hospital,Phoenix,AZ,Voluntary non-profit,5,27130,Total Hip Replacement,Humana,14318.19,3503.74,3866.57,1545,2.5,Commercial,3: High (2.5-3.5x Medicare)
Mayo Clinic Hospital,Phoenix,AZ,Voluntary non-profit,5,27130,Total Hip Replacement,Medicare,14318.19,3503.74,1478.11,1545,0.96,Government,1: Low (<1.5x Medicare)
Mayo Clinic Hospital,Phoenix,AZ,Voluntary non-profit,5,27130,Total Hip Replacement,Medicaid/AHCCCS,14318.19,3503.74,1313.24,1545,0.85,Government,1: Low (<1.5x Medicare)
Mayo Clinic Hospital,Phoenix,AZ,Voluntary non-profit,5,27130,Total Hip Replacement,Cash/Self-Pay,14318.19,3503.74,3503.74,1545,2.27,Cash,2: Mid (1.5-2.5x Medicare)
Mayo Clinic Hospital,Phoenix,AZ,Voluntary non-profit,5,43239,Upper GI Endoscopy,Blue Cross Blue Shield of Arizona,7015.56,1972.96,1509.61,612,2.47,Commercial,2: Mid (1.5-2.5x Medicare)
Mayo Clinic Hospital,Phoenix,AZ,Voluntary non-profit,5,43239,Upper GI Endoscopy,Aetna,7015.56,1972.96,1556.9,612,2.54,Commercial,3: High (2.5-3.5x Medicare)
Mayo Clinic Hospital,Phoenix,AZ,Voluntary non-profit,5,43239,Upper GI Endoscopy,UnitedHealthcare,7015.56,1972.96,1734.5,612,2.83,Commercial,3: High (2.5-3.5x Medicare)
Mayo Clinic Hospital,Phoenix,AZ,Voluntary non-profit,5,43239,Upper GI Endoscopy,Cigna,7015.56,1972.96,1348.24,612,2.2,Commercial,2: Mid (1.5-2.5x Medicare)
Mayo Clinic Hospital,Phoenix,AZ,Voluntary non-profit,5,43239,Upper GI Endoscopy,Humana,7015.56,1972.96,1177.28,612,1.92,Commercial,2: Mid (1.5-2.5x Medicare)
Mayo Clinic Hospital,Phoenix,AZ,Voluntary non-profit,5,43239,Upper GI Endoscopy,Medicare,7015.56,1972.96,630.35,612,1.03,Government,1: Low (<1.5x Medicare)
Mayo Clinic Hospital,Phoenix,AZ,Voluntary non-profit,5,43239,Upper GI Endoscopy,Medicaid/AHCCCS,7015.56,1972.96,450.25,612,0.74,Government,1: Low (<1.5x Medicare)
Mayo Clinic Hospital,Phoenix,AZ,Voluntary non-profit,5,43239,Upper GI Endoscopy,Cash/Self-Pay,7015.56,1972.96,1972.96,612,3.22,Cash,3: High (2.5-3.5x Medicare)
Mayo Clinic Hospital,Phoenix,AZ,Voluntary non-profit,5,45378,Colonoscopy,Blue Cross Blue Shield of Arizona,8723.78,1034.68,1146.0,492,2.33,Commercial,2: Mid (1.5-2.5x Medicare)
Mayo Clinic Hospital,Phoenix,AZ,Voluntary non-profit,5,45378,Colonoscopy,Aetna,8723.78,1034.68,1105.02,492,2.25,Commercial,2: Mid (1.5-2.5x Medicare)
Mayo Clinic Hospital,Phoenix,AZ,Voluntary non-profit,5,45378,Colonoscopy,UnitedHealthcare,8723.78,1034.68,992.72,492,2.02,Commercial,2: Mid (1.5-2.5x Medicare)
Mayo Clinic Hospital,Phoenix,AZ,Voluntary non-profit,5,45378,Colonoscopy,Cigna,8723.78,1034.68,1226.85,492,2.49,Commercial,2: Mid (1.5-2.5x Medicare)
Mayo Clinic Hospital,Phoenix,AZ,Voluntary non-profit,5,45378,Colonoscopy,Humana,8723.78,1034.68,1108.65,492,2.25,Commercial,2: Mid (1.5-2.5x Medicare)
Mayo Clinic Hospital,Phoenix,AZ,Voluntary non-profit,5,45378,Colonoscopy,Medicare,8723.78,1034.68,504.97,492,1.03,Government,1: Low (<1.5x Medicare)
Mayo Clinic Hospital,Phoenix,AZ,Voluntary non-profit,5,45378,Colonoscopy,Medicaid/AHCCCS,8723.78,1034.68,358.19,492,0.73,Government,1: Low (<1.5x Medicare)
Mayo Clinic Hospital,Phoenix,AZ,Voluntary non-profit,5,45378,Colonoscopy,Cash/Self-Pay,8723.78,1034.68,1034.68,492,2.1,Cash,2: Mid (1.5-2.5x Medicare)
Mayo Clinic Hospital,Phoenix,AZ,Voluntary non-profit,5,59510,Cesarean Section,Blue Cross Blue Shield of Arizona,43647.57,5305.35,7062.13,2100,3.36,Commercial,3: High (2.5-3.5x Medicare)
Mayo Clinic Hospital,Phoenix,AZ,Voluntary non-profit,5,59510,Cesarean Section,Aetna,43647.57,5305.35,4849.88,2100,2.31,Commercial,2: Mid (1.5-2.5x Medicare)
Mayo Clinic Hospital,Phoenix,AZ,Voluntary non-profit,5,59510,Cesarean Section,UnitedHealthcare,43647.57,5305.35,3826.34,2100,1.82,Commercial,2: Mid (1.5-2.5x Medicare)
Mayo Clinic Hospital,Phoenix,AZ,Voluntary non-profit,5,59510,Cesarean Section,Cigna,43647.57,5305.35,6465.2,2100,3.08,Commercial,3: High (2.5-3.5x Medicare)
Mayo Clinic Hospital,Phoenix,AZ,Voluntary non-profit,5,59510,Cesarean Section,Humana,43647.57,5305.35,5503.3,2100,2.62,Commercial,3: High (2.5-3.5x Medicare)
Mayo Clinic Hospital,Phoenix,AZ,Voluntary non-profit,5,59510,Cesarean Section,Medicare,43647.57,5305.35,2031.83,2100,0.97,Government,1: Low (<1.5x Medicare)
Mayo Clinic Hospital,Phoenix,AZ,Voluntary non-profit,5,59510,Cesarean Section,Medicaid/AHCCCS,43647.57,5305.35,1854.05,2100,0.88,Government,1: Low (<1.5x Medicare)
Mayo Clinic Hospital,Phoenix,AZ,Voluntary non-profit,5,59510,Cesarean Section,Cash/Self-Pay,43647.57,5305.35,5305.35,2100,2.53,Cash,3: High (2.5-3.5x Medicare)
Dignity Health - St. Joseph's Hospital,Phoenix,AZ,Voluntary non-profit,3,70553,MRI Brain with Contrast,Blue Cross Blue Shield of Arizona,5761.97,1068.25,1008.43,446,2.26,Commercial,2: Mid (1.5-2.5x Medicare)
Dignity Health - St. Joseph's Hospital,Phoenix,AZ,Voluntary non-profit,3,70553,MRI Brain with Contrast,Aetna,5761.97,1068.25,1046.51,446,2.35,Commercial,2: Mid (1.5-2.5x Medicare)
Dignity Health - St. Joseph's Hospital,Phoenix,AZ,Voluntary non-profit,3,70553,MRI Brain with Contrast,UnitedHealthcare,5761.97,1068.25,1304.19,446,2.92,Commercial,3: High (2.5-3.5x Medicare)
Dignity Health - St. Joseph's Hospital,Phoenix,AZ,Voluntary non-profit,3,70553,MRI Brain with Contrast,Cigna,5761.97,1068.25,1179.79,446,2.65,Commercial,3: High (2.5-3.5x Medicare)
Dignity Health - St. Joseph's Hospital,Phoenix,AZ,Voluntary non-profit,3,70553,MRI Brain with Contrast,Humana,5761.97,1068.25,1112.59,446,2.49,Commercial,2: Mid (1.5-2.5x Medicare)
Dignity Health - St. Joseph's Hospital,Phoenix,AZ,Voluntary non-profit,3,70553,MRI Brain with Contrast,Medicare,5761.97,1068.25,443.09,446,0.99,Government,1: Low (<1.5x Medicare)
Dignity Health - St. Joseph's Hospital,Phoenix,AZ,Voluntary non-profit,3,70553,MRI Brain with Contrast,Medicaid/AHCCCS,5761.97,1068.25,334.18,446,0.75,Government,1: Low (<1.5x Medicare)
Dignity Health - St. Joseph's Hospital,Phoenix,AZ,Voluntary non-profit,3,70553,MRI Brain with Contrast,Cash/Self-Pay,5761.97,1068.25,1068.25,446,2.4,Cash,2: Mid (1.5-2.5x Medicare)
Dignity Health - St. Joseph's Hospital,Phoenix,AZ,Voluntary non-profit,3,71250,CT Chest,Blue Cross Blue Shield of Arizona,5818.21,885.3,968.17,312,3.1,Commercial,3: High (2.5-3.5x Medicare)
Dignity Health - St. Joseph's Hospital,Phoenix,AZ,Voluntary non-profit,3,71250,CT Chest,Aetna,5818.21,885.3,979.77,312,3.14,Commercial,3: High (2.5-3.5x Medicare)
Dignity Health - St. Joseph's Hospital,Phoenix,AZ,Voluntary non-profit,3,71250,CT Chest,UnitedHealthcare,5818.21,885.3,808.25,312,2.59,Commercial,3: High (2.5-3.5x Medicare)
Dignity Health - St. Joseph's Hospital,Phoenix,AZ,Voluntary non-profit,3,71250,CT Chest,Cigna,5818.21,885.3,1006.91,312,3.23,Commercial,3: High (2.5-3.5x Medicare)
Dignity Health - St. Joseph's Hospital,Phoenix,AZ,Voluntary non-profit,3,71250,CT Chest,Humana,5818.21,885.3,605.51,312,1.94,Commercial,2: Mid (1.5-2.5x Medicare)
Dignity Health - St. Joseph's Hospital,Phoenix,AZ,Voluntary non-profit,3,71250,CT Chest,Medicare,5818.21,885.3,305.68,312,0.98,Government,1: Low (<1.5x Medicare)
Dignity Health - St. Joseph's Hospital,Phoenix,AZ,Voluntary non-profit,3,71250,CT Chest,Medicaid/AHCCCS,5818.21,885.3,276.08,312,0.88,Government,1: Low (<1.5x Medicare)
Dignity Health - St. Joseph's Hospital,Phoenix,AZ,Voluntary non-profit,3,71250,CT Chest,Cash/Self-Pay,5818.21,885.3,885.3,312,2.84,Cash,3: High (2.5-3.5x Medicare)
Dignity Health - St. Joseph's Hospital,Phoenix,AZ,Voluntary non-profit,3,74177,CT Abdomen & Pelvis,Blue Cross Blue Shield of Arizona,8030.88,1192.64,1095.61,389,2.82,Commercial,3: High (2.5-3.5x Medicare)
Dignity Health - St. Joseph's Hospital,Phoenix,AZ,Voluntary non-profit,3,74177,CT Abdomen & Pelvis,Aetna,8030.88,1192.64,885.37,389,2.28,Commercial,2: Mid (1.5-2.5x Medicare)
Dignity Health - St. Joseph's Hospital,Phoenix,AZ,Voluntary non-profit,3,74177,CT Abdomen & Pelvis,UnitedHealthcare,8030.88,1192.64,847.38,389,2.18,Commercial,2: Mid (1.5-2.5x Medicare)
Dignity Health - St. Joseph's Hospital,Phoenix,AZ,Voluntary non-profit,3,74177,CT Abdomen & Pelvis,Cigna,8030.88,1192.64,895.81,389,2.3,Commercial,2: Mid (1.5-2.5x Medicare)
Dignity Health - St. Joseph's Hospital,Phoenix,AZ,Voluntary non-profit,3,74177,CT Abdomen & Pelvis,Humana,8030.88,1192.64,1111.97,389,2.86,Commercial,3: High (2.5-3.5x Medicare)
Dignity Health - St. Joseph's Hospital,Phoenix,AZ,Voluntary non-profit,3,74177,CT Abdomen & Pelvis,Medicare,8030.88,1192.64,383.19,389,0.99,Government,1: Low (<1.5x Medicare)
Dignity Health - St. Joseph's Hospital,Phoenix,AZ,Voluntary non-profit,3,74177,CT Abdomen & Pelvis,Medicaid/AHCCCS,8030.88,1192.64,331.99,389,0.85,Government,1: Low (<1.5x Medicare)
Dignity Health - St. Joseph's Hospital,Phoenix,AZ,Voluntary non-profit,3,74177,CT Abdomen & Pelvis,Cash/Self-Pay,8030.88,1192.64,1192.64,389,3.07,Cash,3: High (2.5-3.5x Medicare)
Dignity Health - St. Joseph's Hospital,Phoenix,AZ,Voluntary non-profit,3,93000,Electrocardiogram (ECG),Blue Cross Blue Shield of Arizona,368.65,65.34,84.44,28,3.02,Commercial,3: High (2.5-3.5x Medicare)
Dignity Health - St. Joseph's Hospital,Phoenix,AZ,Voluntary non-profit,3,93000,Electrocardiogram (ECG),Aetna,368.65,65.34,64.02,28,2.29,Commercial,2: Mid (1.5-2.5x Medicare)
Dignity Health - St. Joseph's Hospital,Phoenix,AZ,Voluntary non-profit,3,93000,Electrocardiogram (ECG),UnitedHealthcare,368.65,65.34,51.0,28,1.82,Commercial,2: Mid (1.5-2.5x Medicare)
Dignity Health - St. Joseph's Hospital,Phoenix,AZ,Voluntary non-profit,3,93000,Electrocardiogram (ECG),Cigna,368.65,65.34,84.62,28,3.02,Commercial,3: High (2.5-3.5x Medicare)
Dignity Health - St. Joseph's Hospital,Phoenix,AZ,Voluntary non-profit,3,93000,Electrocardiogram (ECG),Humana,368.65,65.34,58.81,28,2.1,Commercial,2: Mid (1.5-2.5x Medicare)
Dignity Health - St. Joseph's Hospital,Phoenix,AZ,Voluntary non-profit,3,93000,Electrocardiogram (ECG),Medicare,368.65,65.34,27.25,28,0.97,Government,1: Low (<1.5x Medicare)
Dignity Health - St. Joseph's Hospital,Phoenix,AZ,Voluntary non-profit,3,93000,Electrocardiogram (ECG),Medicaid/AHCCCS,368.65,65.34,24.88,28,0.89,Government,1: Low (<1.5x Medicare)
Dignity Health - St. Joseph's Hospital,Phoenix,AZ,Voluntary non-profit,3,93000,Electrocardiogram (ECG),Cash/Self-Pay,368.65,65.34,65.34,28,2.33,Cash,2: Mid (1.5-2.5x Medicare)
Dignity Health - St. Joseph's Hospital,Phoenix,AZ,Voluntary non-profit,3,85025,Complete Blood Count (CBC),Blue Cross Blue Shield of Arizona,180.63,27.89,31.53,11,2.87,Commercial,3: High (2.5-3.5x Medicare)
Dignity Health - St. Joseph's Hospital,Phoenix,AZ,Voluntary non-profit,3,85025,Complete Blood Count (CBC),Aetna,180.63,27.89,22.76,11,2.07,Commercial,2: Mid (1.5-2.5x Medicare)
Dignity Health - St. Joseph's Hospital,Phoenix,AZ,Voluntary non-profit,3,85025,Complete Blood Count (CBC),UnitedHealthcare,180.63,27.89,29.81,11,2.71,Commercial,3: High (2.5-3.5x Medicare)
Dignity Health - St. Joseph's Hospital,Phoenix,AZ,Voluntary non-profit,3,85025,Complete Blood Count (CBC),Cigna,180.63,27.89,30.48,11,2.77,Commercial,3: High (2.5-3.5x Medicare)
Dignity Health - St. Joseph's Hospital,Phoenix,AZ,Voluntary non-profit,3,85025,Complete Blood Count (CBC),Humana,180.63,27.89,33.51,11,3.05,Commercial,3: High (2.5-3.5x Medicare)
Dignity Health - St. Joseph's Hospital,Phoenix,AZ,Voluntary non-profit,3,85025,Complete Blood Count (CBC),Medicare,180.63,27.89,11.34,11,1.03,Government,1: Low (<1.5x Medicare)
Dignity Health - St. Joseph's Hospital,Phoenix,AZ,Voluntary non-profit,3,85025,Complete Blood Count (CBC),Medicaid/AHCCCS,180.63,27.89,9.14,11,0.83,Government,1: Low (<1.5x Medicare)
Dignity Health - St. Joseph's Hospital,Phoenix,AZ,Voluntary non-profit,3,85025,Complete Blood Count (CBC),Cash/Self-Pay,180.63,27.89,27.89,11,2.54,Cash,3: High (2.5-3.5x Medicare)
Dignity Health - St. Joseph's Hospital,Phoenix,AZ,Voluntary non-profit,3,80053,Comprehensive Metabolic Panel,Blue Cross Blue Shield of Arizona,211.72,24.0,38.23,14,2.73,Commercial,3: High (2.5-3.5x Medicare)
Dignity Health - St. Joseph's Hospital,Phoenix,AZ,Voluntary non-profit,3,80053,Comprehensive Metabolic Panel,Aetna,211.72,24.0,39.48,14,2.82,Commercial,3: High (2.5-3.5x Medicare)
Dignity Health - St. Joseph's Hospital,Phoenix,AZ,Voluntary non-profit,3,80053,Comprehensive Metabolic Panel,UnitedHealthcare,211.72,24.0,31.04,14,2.22,Commercial,2: Mid (1.5-2.5x Medicare)
Dignity Health - St. Joseph's Hospital,Phoenix,AZ,Voluntary non-profit,3,80053,Comprehensive Metabolic Panel,Cigna,211.72,24.0,43.48,14,3.11,Commercial,3: High (2.5-3.5x Medicare)
Dignity Health - St. Joseph's Hospital,Phoenix,AZ,Voluntary non-profit,3,80053,Comprehensive Metabolic Panel,Humana,211.72,24.0,39.25,14,2.8,Commercial,3: High (2.5-3.5x Medicare)
Dignity Health - St. Joseph's Hospital,Phoenix,AZ,Voluntary non-profit,3,80053,Comprehensive Metabolic Panel,Medicare,211.72,24.0,14.53,14,1.04,Government,1: Low (<1.5x Medicare)
Dignity Health - St. Joseph's Hospital,Phoenix,AZ,Voluntary non-profit,3,80053,Comprehensive Metabolic Panel,Medicaid/AHCCCS,211.72,24.0,12.24,14,0.87,Government,1: Low (<1.5x Medicare)
Dignity Health - St. Joseph's Hospital,Phoenix,AZ,Voluntary non-profit,3,80053,Comprehensive Metabolic Panel,Cash/Self-Pay,211.72,24.0,24.0,14,1.71,Cash,2: Mid (1.5-2.5x Medicare)
Dignity Health - St. Joseph's Hospital,Phoenix,AZ,Voluntary non-profit,3,36415,Blood Draw,Blue Cross Blue Shield of Arizona,24.81,8.64,7.1,3,2.37,Commercial,2: Mid (1.5-2.5x Medicare)
Dignity Health - St. Joseph's Hospital,Phoenix,AZ,Voluntary non-profit,3,36415,Blood Draw,Aetna,24.81,8.64,6.02,3,2.01,Commercial,2: Mid (1.5-2.5x Medicare)
Dignity Health - St. Joseph's Hospital,Phoenix,AZ,Voluntary non-profit,3,36415,Blood Draw,UnitedHealthcare,24.81,8.64,7.34,3,2.45,Commercial,2: Mid (1.5-2.5x Medicare)
Dignity Health - St. Joseph's Hospital,Phoenix,AZ,Voluntary non-profit,3,36415,Blood Draw,Cigna,24.81,8.64,8.47,3,2.82,Commercial,3: High (2.5-3.5x Medicare)
Dignity Health - St. Joseph's Hospital,Phoenix,AZ,Voluntary non-profit,3,36415,Blood Draw,Humana,24.81,8.64,8.25,3,2.75,Commercial,3: High (2.5-3.5x Medicare)
Dignity Health - St. Joseph's Hospital,Phoenix,AZ,Voluntary non-profit,3,36415,Blood Draw,Medicare,24.81,8.64,3.02,3,1.01,Government,1: Low (<1.5x Medicare)
Dignity Health - St. Joseph's Hospital,Phoenix,AZ,Voluntary non-profit,3,36415,Blood Draw,Medicaid/AHCCCS,24.81,8.64,2.31,3,0.77,Government,1: Low (<1.5x Medicare)
Dignity Health - St. Joseph's Hospital,Phoenix,AZ,Voluntary non-profit,3,36415,Blood Draw,Cash/Self-Pay,24.81,8.64,8.64,3,2.88,Cash,3: High (2.5-3.5x Medicare)
Dignity Health - St. Joseph's Hospital,Phoenix,AZ,Voluntary non-profit,3,99213,Office Visit (Established Patient),Blue Cross Blue Shield of Arizona,1845.03,189.64,383.29,115,3.33,Commercial,3: High (2.5-3.5x Medicare)
Dignity Health - St. Joseph's Hospital,Phoenix,AZ,Voluntary non-profit,3,99213,Office Visit (Established Patient),Aetna,1845.03,189.64,233.05,115,2.03,Commercial,2: Mid (1.5-2.5x Medicare)
Dignity Health - St. Joseph's Hospital,Phoenix,AZ,Voluntary non-profit,3,99213,Office Visit (Established Patient),UnitedHealthcare,1845.03,189.64,344.6,115,3.0,Commercial,3: High (2.5-3.5x Medicare)
Dignity Health - St. Joseph's Hospital,Phoenix,AZ,Voluntary non-profit,3,99213,Office Visit (Established Patient),Cigna,1845.03,189.64,242.32,115,2.11,Commercial,2: Mid (1.5-2.5x Medicare)
Dignity Health - St. Joseph's Hospital,Phoenix,AZ,Voluntary non-profit,3,99213,Office Visit (Established Patient),Humana,1845.03,189.64,348.72,115,3.03,Commercial,3: High (2.5-3.5x Medicare)
Dignity Health - St. Joseph's Hospital,Phoenix,AZ,Voluntary non-profit,3,99213,Office Visit (Established Patient),Medicare,1845.03,189.64,116.59,115,1.01,Government,1: Low (<1.5x Medicare)
Dignity Health - St. Joseph's Hospital,Phoenix,AZ,Voluntary non-profit,3,99213,Office Visit (Established Patient),Medicaid/AHCCCS,1845.03,189.64,89.64,115,0.78,Government,1: Low (<1.5x Medicare)
Dignity Health - St. Joseph's Hospital,Phoenix,AZ,Voluntary non-profit,3,99213,Office Visit (Established Patient),Cash/Self-Pay,1845.03,189.64,189.64,115,1.65,Cash,2: Mid (1.5-2.5x Medicare)
Dignity Health - St. Joseph's Hospital,Phoenix,AZ,Voluntary non-profit,3,99283,Emergency Dept Visit (Moderate),Blue Cross Blue Shield of Arizona,2136.74,581.9,508.18,186,2.73,Commercial,3: High (2.5-3.5x Medicare)
Dignity Health - St. Joseph's Hospital,Phoenix,AZ,Voluntary non-profit,3,99283,Emergency Dept Visit (Moderate),Aetna,2136.74,581.9,564.92,186,3.04,Commercial,3: High (2.5-3.5x Medicare)
Dignity Health - St. Joseph's Hospital,Phoenix,AZ,Voluntary non-profit,3,99283,Emergency Dept Visit (Moderate),UnitedHealthcare,2136.74,581.9,523.36,186,2.81,Commercial,3: High (2.5-3.5x Medicare)
Dignity Health - St. Joseph's Hospital,Phoenix,AZ,Voluntary non-profit,3,99283,Emergency Dept Visit (Moderate),Cigna,2136.74,581.9,564.6,186,3.04,Commercial,3: High (2.5-3.5x Medicare)
Dignity Health - St. Joseph's Hospital,Phoenix,AZ,Voluntary non-profit,3,99283,Emergency Dept Visit (Moderate),Humana,2136.74,581.9,463.12,186,2.49,Commercial,2: Mid (1.5-2.5x Medicare)
Dignity Health - St. Joseph's Hospital,Phoenix,AZ,Voluntary non-profit,3,99283,Emergency Dept Visit (Moderate),Medicare,2136.74,581.9,187.52,186,1.01,Government,1: Low (<1.5x Medicare)
Dignity Health - St. Joseph's Hospital,Phoenix,AZ,Voluntary non-profit,3,99283,Emergency Dept Visit (Moderate),Medicaid/AHCCCS,2136.74,581.9,140.21,186,0.75,Government,1: Low (<1.5x Medicare)
Dignity Health - St. Joseph's Hospital,Phoenix,AZ,Voluntary non-profit,3,99283,Emergency Dept Visit (Moderate),Cash/Self-Pay,2136.74,581.9,581.9,186,3.13,Cash,3: High (2.5-3.5x Medicare)
Dignity Health - St. Joseph's Hospital,Phoenix,AZ,Voluntary non-profit,3,27447,Total Knee Replacement,Blue Cross Blue Shield of Arizona,29384.02,3306.08,4466.86,1600,2.79,Commercial,3: High (2.5-3.5x Medicare)
Dignity Health - St. Joseph's Hospital,Phoenix,AZ,Voluntary non-profit,3,27447,Total Knee Replacement,Aetna,29384.02,3306.08,4534.37,1600,2.83,Commercial,3: High (2.5-3.5x Medicare)
Dignity Health - St. Joseph's Hospital,Phoenix,AZ,Voluntary non-profit,3,27447,Total Knee Replacement,UnitedHealthcare,29384.02,3306.08,4774.39,1600,2.98,Commercial,3: High (2.5-3.5x Medicare)
Dignity Health - St. Joseph's Hospital,Phoenix,AZ,Voluntary non-profit,3,27447,Total Knee Replacement,Cigna,29384.02,3306.08,3879.04,1600,2.42,Commercial,2: Mid (1.5-2.5x Medicare)
Dignity Health - St. Joseph's Hospital,Phoenix,AZ,Voluntary non-profit,3,27447,Total Knee Replacement,Humana,29384.02,3306.08,3294.81,1600,2.06,Commercial,2: Mid (1.5-2.5x Medicare)
Dignity Health - St. Joseph's Hospital,Phoenix,AZ,Voluntary non-profit,3,27447,Total Knee Replacement,Medicare,29384.02,3306.08,1630.31,1600,1.02,Government,1: Low (<1.5x Medicare)
Dignity Health - St. Joseph's Hospital,Phoenix,AZ,Voluntary non-profit,3,27447,Total Knee Replacement,Medicaid/AHCCCS,29384.02,3306.08,1376.19,1600,0.86,Government,1: Low (<1.5x Medicare)
Dignity Health - St. Joseph's Hospital,Phoenix,AZ,Voluntary non-profit,3,27447,Total Knee Replacement,Cash/Self-Pay,29384.02,3306.08,3306.08,1600,2.07,Cash,2: Mid (1.5-2.5x Medicare)
Dignity Health - St. Joseph's Hospital,Phoenix,AZ,Voluntary non-profit,3,27130,Total Hip Replacement,Blue Cross Blue Shield of Arizona,16245.05,2844.34,3609.02,1545,2.34,Commercial,2: Mid (1.5-2.5x Medicare)
Dignity Health - St. Joseph's Hospital,Phoenix,AZ,Voluntary non-profit,3,27130,Total Hip Replacement,Aetna,16245.05,2844.34,4404.6,1545,2.85,Commercial,3: High (2.5-3.5x Medicare)
Dignity Health - St. Joseph's Hospital,Phoenix,AZ,Voluntary non-profit,3,27130,Total Hip Replacement,UnitedHealthcare,16245.05,2844.34,4439.99,1545,2.87,Commercial,3: High (2.5-3.5x Medicare)
Dignity Health - St. Joseph's Hospital,Phoenix,AZ,Voluntary non-profit,3,27130,Total Hip Replacement,Cigna,16245.05,2844.34,3253.95,1545,2.11,Commercial,2: Mid (1.5-2.5x Medicare)
Dignity Health - St. Joseph's Hospital,Phoenix,AZ,Voluntary non-profit,3,27130,Total Hip Replacement,Humana,16245.05,2844.34,3560.1,1545,2.3,Commercial,2: Mid (1.5-2.5x Medicare)
Dignity Health - St. Joseph's Hospital,Phoenix,AZ,Voluntary non-profit,3,27130,Total Hip Replacement,Medicare,16245.05,2844.34,1589.76,1545,1.03,Government,1: Low (<1.5x Medicare)
Dignity Health - St. Joseph's Hospital,Phoenix,AZ,Voluntary non-profit,3,27130,Total Hip Replacement,Medicaid/AHCCCS,16245.05,2844.34,1285.04,1545,0.83,Government,1: Low (<1.5x Medicare)
Dignity Health - St. Joseph's Hospital,Phoenix,AZ,Voluntary non-profit,3,27130,Total Hip Replacement,Cash/Self-Pay,16245.05,2844.34,2844.34,1545,1.84,Cash,2: Mid (1.5-2.5x Medicare)
Dignity Health - St. Joseph's Hospital,Phoenix,AZ,Voluntary non-profit,3,43239,Upper GI Endoscopy,Blue Cross Blue Shield of Arizona,8831.86,1501.02,1918.6,612,3.13,Commercial,3: High (2.5-3.5x Medicare)
Dignity Health - St. Joseph's Hospital,Phoenix,AZ,Voluntary non-profit,3,43239,Upper GI Endoscopy,Aetna,8831.86,1501.02,1277.02,612,2.09,Commercial,2: Mid (1.5-2.5x Medicare)
Dignity Health - St. Joseph's Hospital,Phoenix,AZ,Voluntary non-profit,3,43239,Upper GI Endoscopy,UnitedHealthcare,8831.86,1501.02,1414.08,612,2.31,Commercial,2: Mid (1.5-2.5x Medicare)
Dignity Health - St. Joseph's Hospital,Phoenix,AZ,Voluntary non-profit,3,43239,Upper GI Endoscopy,Cigna,8831.86,1501.02,1572.96,612,2.57,Commercial,3: High (2.5-3.5x Medicare)
Dignity Health - St. Joseph's Hospital,Phoenix,AZ,Voluntary non-profit,3,43239,Upper GI Endoscopy,Humana,8831.86,1501.02,1597.82,612,2.61,Commercial,3: High (2.5-3.5x Medicare)
Dignity Health - St. Joseph's Hospital,Phoenix,AZ,Voluntary non-profit,3,43239,Upper GI Endoscopy,Medicare,8831.86,1501.02,594.29,612,0.97,Government,1: Low (<1.5x Medicare)
Dignity Health - St. Joseph's Hospital,Phoenix,AZ,Voluntary non-profit,3,43239,Upper GI Endoscopy,Medicaid/AHCCCS,8831.86,1501.02,504.65,612,0.82,Government,1: Low (<1.5x Medicare)
Dignity Health - St. Joseph's Hospital,Phoenix,AZ,Voluntary non-profit,3,43239,Upper GI Endoscopy,Cash/Self-Pay,8831.86,1501.02,1501.02,612,2.45,Cash,2: Mid (1.5-2.5x Medicare)
Dignity Health - St. Joseph's Hospital,Phoenix,AZ,Voluntary non-profit,3,45378,Colonoscopy,Blue Cross Blue Shield of Arizona,7962.36,1344.6,1166.55,492,2.37,Commercial,2: Mid (1.5-2.5x Medicare)
Dignity Health - St. Joseph's Hospital,Phoenix,AZ,Voluntary non-profit,3,45378,Colonoscopy,Aetna,7962.36,1344.6,1488.43,492,3.03,Commercial,3: High (2.5-3.5x Medicare)
Dignity Health - St. Joseph's Hospital,Phoenix,AZ,Voluntary non-profit,3,45378,Colonoscopy,UnitedHealthcare,7962.36,1344.6,1235.68,492,2.51,Commercial,3: High (2.5-3.5x Medicare)
Dignity Health - St. Joseph's Hospital,Phoenix,AZ,Voluntary non-profit,3,45378,Colonoscopy,Cigna,7962.36,1344.6,1478.71,492,3.01,Commercial,3: High (2.5-3.5x Medicare)
Dignity Health - St. Joseph's Hospital,Phoenix,AZ,Voluntary non-profit,3,45378,Colonoscopy,Humana,7962.36,1344.6,1241.67,492,2.52,Commercial,3: High (2.5-3.5x Medicare)
Dignity Health - St. Joseph's Hospital,Phoenix,AZ,Voluntary non-profit,3,45378,Colonoscopy,Medicare,7962.36,1344.6,508.18,492,1.03,Government,1: Low (<1.5x Medicare)
Dignity Health - St. Joseph's Hospital,Phoenix,AZ,Voluntary non-profit,3,45378,Colonoscopy,Medicaid/AHCCCS,7962.36,1344.6,386.8,492,0.79,Government,1: Low (<1.5x Medicare)
Dignity Health - St. Joseph's Hospital,Phoenix,AZ,Voluntary non-profit,3,45378,Colonoscopy,Cash/Self-Pay,7962.36,1344.6,1344.6,492,2.73,Cash,3: High (2.5-3.5x Medicare)
Dignity Health - St. Joseph's Hospital,Phoenix,AZ,Voluntary non-profit,3,59510,Cesarean Section,Blue Cross Blue Shield of Arizona,23420.81,5355.14,6549.5,2100,3.12,Commercial,3: High (2.5-3.5x Medicare)
Dignity Health - St. Joseph's Hospital,Phoenix,AZ,Voluntary non-profit,3,59510,Cesarean Section,Aetna,23420.81,5355.14,6327.31,2100,3.01,Commercial,3: High (2.5-3.5x Medicare)
Dignity Health - St. Joseph's Hospital,Phoenix,AZ,Voluntary non-profit,3,59510,Cesarean Section,UnitedHealthcare,23420.81,5355.14,3923.86,2100,1.87,Commercial,2: Mid (1.5-2.5x Medicare)
Dignity Health - St. Joseph's Hospital,Phoenix,AZ,Voluntary non-profit,3,59510,Cesarean Section,Cigna,23420.81,5355.14,5063.11,2100,2.41,Commercial,2: Mid (1.5-2.5x Medicare)
Dignity Health - St. Joseph's Hospital,Phoenix,AZ,Voluntary non-profit,3,59510,Cesarean Section,Humana,23420.81,5355.14,6388.57,2100,3.04,Commercial,3: High (2.5-3.5x Medicare)
Dignity Health - St. Joseph's Hospital,Phoenix,AZ,Voluntary non-profit,3,59510,Cesarean Section,Medicare,23420.81,5355.14,2177.26,2100,1.04,Government,1: Low (<1.5x Medicare)
Dignity Health - St. Joseph's Hospital,Phoenix,AZ,Voluntary non-profit,3,59510,Cesarean Section,Medicaid/AHCCCS,23420.81,5355.14,1660.99,2100,0.79,Government,1: Low (<1.5x Medicare)
Dignity Health - St. Joseph's Hospital,Phoenix,AZ,Voluntary non-profit,3,59510,Cesarean Section,Cash/Self-Pay,23420.81,5355.14,5355.14,2100,2.55,Cash,3: High (2.5-3.5x Medicare)
HonorHealth Scottsdale Osborn,Scottsdale,AZ,Voluntary non-profit,4,70553,MRI Brain with Contrast,Blue Cross Blue Shield of Arizona,6734.16,1237.08,1062.17,446,2.38,Commercial,2: Mid (1.5-2.5x Medicare)
HonorHealth Scottsdale Osborn,Scottsdale,AZ,Voluntary non-profit,4,70553,MRI Brain with Contrast,Aetna,6734.16,1237.08,942.26,446,2.11,Commercial,2: Mid (1.5-2.5x Medicare)
HonorHealth Scottsdale Osborn,Scottsdale,AZ,Voluntary non-profit,4,70553,MRI Brain with Contrast,UnitedHealthcare,6734.16,1237.08,1308.36,446,2.93,Commercial,3: High (2.5-3.5x Medicare)
HonorHealth Scottsdale Osborn,Scottsdale,AZ,Voluntary non-profit,4,70553,MRI Brain with Contrast,Cigna,6734.16,1237.08,1431.76,446,3.21,Commercial,3: High (2.5-3.5x Medicare)
HonorHealth Scottsdale Osborn,Scottsdale,AZ,Voluntary non-profit,4,70553,MRI Brain with Contrast,Humana,6734.16,1237.08,904.45,446,2.03,Commercial,2: Mid (1.5-2.5x Medicare)
HonorHealth Scottsdale Osborn,Scottsdale,AZ,Voluntary non-profit,4,70553,MRI Brain with Contrast,Medicare,6734.16,1237.08,468.27,446,1.05,Government,1: Low (<1.5x Medicare)
HonorHealth Scottsdale Osborn,Scottsdale,AZ,Voluntary non-profit,4,70553,MRI Brain with Contrast,Medicaid/AHCCCS,6734.16,1237.08,316.5,446,0.71,Government,1: Low (<1.5x Medicare)
HonorHealth Scottsdale Osborn,Scottsdale,AZ,Voluntary non-profit,4,70553,MRI Brain with Contrast,Cash/Self-Pay,6734.16,1237.08,1237.08,446,2.77,Cash,3: High (2.5-3.5x Medicare)
HonorHealth Scottsdale Osborn,Scottsdale,AZ,Voluntary non-profit,4,71250,CT Chest,Blue Cross Blue Shield of Arizona,6823.64,730.44,1039.58,312,3.33,Commercial,3: High (2.5-3.5x Medicare)
HonorHealth Scottsdale Osborn,Scottsdale,AZ,Voluntary non-profit,4,71250,CT Chest,Aetna,6823.64,730.44,873.95,312,2.8,Commercial,3: High (2.5-3.5x Medicare)
HonorHealth Scottsdale Osborn,Scottsdale,AZ,Voluntary non-profit,4,71250,CT Chest,UnitedHealthcare,6823.64,730.44,765.46,312,2.45,Commercial,2: Mid (1.5-2.5x Medicare)
HonorHealth Scottsdale Osborn,Scottsdale,AZ,Voluntary non-profit,4,71250,CT Chest,Cigna,6823.64,730.44,805.99,312,2.58,Commercial,3: High (2.5-3.5x Medicare)
HonorHealth Scottsdale Osborn,Scottsdale,AZ,Voluntary non-profit,4,71250,CT Chest,Humana,6823.64,730.44,824.74,312,2.64,Commercial,3: High (2.5-3.5x Medicare)
HonorHealth Scottsdale Osborn,Scottsdale,AZ,Voluntary non-profit,4,71250,CT Chest,Medicare,6823.64,730.44,308.25,312,0.99,Government,1: Low (<1.5x Medicare)
HonorHealth Scottsdale Osborn,Scottsdale,AZ,Voluntary non-profit,4,71250,CT Chest,Medicaid/AHCCCS,6823.64,730.44,272.27,312,0.87,Government,1: Low (<1.5x Medicare)
HonorHealth Scottsdale Osborn,Scottsdale,AZ,Voluntary non-profit,4,71250,CT Chest,Cash/Self-Pay,6823.64,730.44,730.44,312,2.34,Cash,2: Mid (1.5-2.5x Medicare)
HonorHealth Scottsdale Osborn,Scottsdale,AZ,Voluntary non-profit,4,74177,CT Abdomen & Pelvis,Blue Cross Blue Shield of Arizona,6036.61,957.49,868.77,389,2.23,Commercial,2: Mid (1.5-2.5x Medicare)
HonorHealth Scottsdale Osborn,Scottsdale,AZ,Voluntary non-profit,4,74177,CT Abdomen & Pelvis,Aetna,6036.61,957.49,1135.05,389,2.92,Commercial,3: High (2.5-3.5x Medicare)
HonorHealth Scottsdale Osborn,Scottsdale,AZ,Voluntary non-profit,4,74177,CT Abdomen & Pelvis,UnitedHealthcare,6036.61,957.49,1002.44,389,2.58,Commercial,3: High (2.5-3.5x Medicare)
HonorHealth Scottsdale Osborn,Scottsdale,AZ,Voluntary non-profit,4,74177,CT Abdomen & Pelvis,Cigna,6036.61,957.49,829.29,389,2.13,Commercial,2: Mid (1.5-2.5x Medicare)
HonorHealth Scottsdale Osborn,Scottsdale,AZ,Voluntary non-profit,4,74177,CT Abdomen & Pelvis,Humana,6036.61,957.49,884.42,389,2.27,Commercial,2: Mid (1.5-2.5x Medicare)
HonorHealth Scottsdale Osborn,Scottsdale,AZ,Voluntary non-profit,4,74177,CT Abdomen & Pelvis,Medicare,6036.61,957.49,397.41,389,1.02,Government,1: Low (<1.5x Medicare)
HonorHealth Scottsdale Osborn,Scottsdale,AZ,Voluntary non-profit,4,74177,CT Abdomen & Pelvis,Medicaid/AHCCCS,6036.61,957.49,293.51,389,0.75,Government,1: Low (<1.5x Medicare)
HonorHealth Scottsdale Osborn,Scottsdale,AZ,Voluntary non-profit,4,74177,CT Abdomen & Pelvis,Cash/Self-Pay,6036.61,957.49,957.49,389,2.46,Cash,2: Mid (1.5-2.5x Medicare)
HonorHealth Scottsdale Osborn,Scottsdale,AZ,Voluntary non-profit,4,93000,Electrocardiogram (ECG),Blue Cross Blue Shield of Arizona,393.54,52.27,68.19,28,2.44,Commercial,2: Mid (1.5-2.5x Medicare)
HonorHealth Scottsdale Osborn,Scottsdale,AZ,Voluntary non-profit,4,93000,Electrocardiogram (ECG),Aetna,393.54,52.27,64.62,28,2.31,Commercial,2: Mid (1.5-2.5x Medicare)
HonorHealth Scottsdale Osborn,Scottsdale,AZ,Voluntary non-profit,4,93000,Electrocardiogram (ECG),UnitedHealthcare,393.54,52.27,82.37,28,2.94,Commercial,3: High (2.5-3.5x Medicare)
HonorHealth Scottsdale Osborn,Scottsdale,AZ,Voluntary non-profit,4,93000,Electrocardiogram (ECG),Cigna,393.54,52.27,70.96,28,2.53,Commercial,3: High (2.5-3.5x Medicare)
HonorHealth Scottsdale Osborn,Scottsdale,AZ,Voluntary non-profit,4,93000,Electrocardiogram (ECG),Humana,393.54,52.27,80.84,28,2.89,Commercial,3: High (2.5-3.5x Medicare)
HonorHealth Scottsdale Osborn,Scottsdale,AZ,Voluntary non-profit,4,93000,Electrocardiogram (ECG),Medicare,393.54,52.27,28.47,28,1.02,Government,1: Low (<1.5x Medicare)
HonorHealth Scottsdale Osborn,Scottsdale,AZ,Voluntary non-profit,4,93000,Electrocardiogram (ECG),Medicaid/AHCCCS,393.54,52.27,20.13,28,0.72,Government,1: Low (<1.5x Medicare)
HonorHealth Scottsdale Osborn,Scottsdale,AZ,Voluntary non-profit,4,93000,Electrocardiogram (ECG),Cash/Self-Pay,393.54,52.27,52.27,28,1.87,Cash,2: Mid (1.5-2.5x Medicare)
HonorHealth Scottsdale Osborn,Scottsdale,AZ,Voluntary non-profit,4,85025,Complete Blood Count (CBC),Blue Cross Blue Shield of Arizona,186.68,26.57,32.59,11,2.96,Commercial,3: High (2.5-3.5x Medicare)
HonorHealth Scottsdale Osborn,Scottsdale,AZ,Voluntary non-profit,4,85025,Complete Blood Count (CBC),Aetna,186.68,26.57,30.47,11,2.77,Commercial,3: High (2.5-3.5x Medicare)
HonorHealth Scottsdale Osborn,Scottsdale,AZ,Voluntary non-profit,4,85025,Complete Blood Count (CBC),UnitedHealthcare,186.68,26.57,32.84,11,2.99,Commercial,3: High (2.5-3.5x Medicare)
HonorHealth Scottsdale Osborn,Scottsdale,AZ,Voluntary non-profit,4,85025,Complete Blood Count (CBC),Cigna,186.68,26.57,36.17,11,3.29,Commercial,3: High (2.5-3.5x Medicare)
HonorHealth Scottsdale Osborn,Scottsdale,AZ,Voluntary non-profit,4,85025,Complete Blood Count (CBC),Humana,186.68,26.57,22.03,11,2.0,Commercial,2: Mid (1.5-2.5x Medicare)
HonorHealth Scottsdale Osborn,Scottsdale,AZ,Voluntary non-profit,4,85025,Complete Blood Count (CBC),Medicare,186.68,26.57,10.66,11,0.97,Government,1: Low (<1.5x Medicare)
HonorHealth Scottsdale Osborn,Scottsdale,AZ,Voluntary non-profit,4,85025,Complete Blood Count (CBC),Medicaid/AHCCCS,186.68,26.57,8.41,11,0.76,Government,1: Low (<1.5x Medicare)
HonorHealth Scottsdale Osborn,Scottsdale,AZ,Voluntary non-profit,4,85025,Complete Blood Count (CBC),Cash/Self-Pay,186.68,26.57,26.57,11,2.42,Cash,2: Mid (1.5-2.5x Medicare)
HonorHealth Scottsdale Osborn,Scottsdale,AZ,Voluntary non-profit,4,80053,Comprehensive Metabolic Panel,Blue Cross Blue Shield of Arizona,160.49,31.57,32.06,14,2.29,Commercial,2: Mid (1.5-2.5x Medicare)
HonorHealth Scottsdale Osborn,Scottsdale,AZ,Voluntary non-profit,4,80053,Comprehensive Metabolic Panel,Aetna,160.49,31.57,38.93,14,2.78,Commercial,3: High (2.5-3.5x Medicare)
HonorHealth Scottsdale Osborn,Scottsdale,AZ,Voluntary non-profit,4,80053,Comprehensive Metabolic Panel,UnitedHealthcare,160.49,31.57,34.57,14,2.47,Commercial,2: Mid (1.5-2.5x Medicare)
HonorHealth Scottsdale Osborn,Scottsdale,AZ,Voluntary non-profit,4,80053,Comprehensive Metabolic Panel,Cigna,160.49,31.57,40.56,14,2.9,Commercial,3: High (2.5-3.5x Medicare)
HonorHealth Scottsdale Osborn,Scottsdale,AZ,Voluntary non-profit,4,80053,Comprehensive Metabolic Panel,Humana,160.49,31.57,37.77,14,2.7,Commercial,3: High (2.5-3.5x Medicare)
HonorHealth Scottsdale Osborn,Scottsdale,AZ,Voluntary non-profit,4,80053,Comprehensive Metabolic Panel,Medicare,160.49,31.57,14.6,14,1.04,Government,1: Low (<1.5x Medicare)
HonorHealth Scottsdale Osborn,Scottsdale,AZ,Voluntary non-profit,4,80053,Comprehensive Metabolic Panel,Medicaid/AHCCCS,160.49,31.57,10.46,14,0.75,Government,1: Low (<1.5x Medicare)
HonorHealth Scottsdale Osborn,Scottsdale,AZ,Voluntary non-profit,4,80053,Comprehensive Metabolic Panel,Cash/Self-Pay,160.49,31.57,31.57,14,2.25,Cash,2: Mid (1.5-2.5x Medicare)
HonorHealth Scottsdale Osborn,Scottsdale,AZ,Voluntary non-profit,4,36415,Blood Draw,Blue Cross Blue Shield of Arizona,41.57,5.75,10.47,3,3.49,Commercial,3: High (2.5-3.5x Medicare)
HonorHealth Scottsdale Osborn,Scottsdale,AZ,Voluntary non-profit,4,36415,Blood Draw,Aetna,41.57,5.75,8.72,3,2.91,Commercial,3: High (2.5-3.5x Medicare)
HonorHealth Scottsdale Osborn,Scottsdale,AZ,Voluntary non-profit,4,36415,Blood Draw,UnitedHealthcare,41.57,5.75,6.35,3,2.12,Commercial,2: Mid (1.5-2.5x Medicare)
HonorHealth Scottsdale Osborn,Scottsdale,AZ,Voluntary non-profit,4,36415,Blood Draw,Cigna,41.57,5.75,7.74,3,2.58,Commercial,3: High (2.5-3.5x Medicare)
HonorHealth Scottsdale Osborn,Scottsdale,AZ,Voluntary non-profit,4,36415,Blood Draw,Humana,41.57,5.75,6.45,3,2.15,Commercial,2: Mid (1.5-2.5x Medicare)
HonorHealth Scottsdale Osborn,Scottsdale,AZ,Voluntary non-profit,4,36415,Blood Draw,Medicare,41.57,5.75,2.88,3,0.96,Government,1: Low (<1.5x Medicare)
HonorHealth Scottsdale Osborn,Scottsdale,AZ,Voluntary non-profit,4,36415,Blood Draw,Medicaid/AHCCCS,41.57,5.75,2.59,3,0.86,Government,1: Low (<1.5x Medicare)
HonorHealth Scottsdale Osborn,Scottsdale,AZ,Voluntary non-profit,4,36415,Blood Draw,Cash/Self-Pay,41.57,5.75,5.75,3,1.92,Cash,2: Mid (1.5-2.5x Medicare)
HonorHealth Scottsdale Osborn,Scottsdale,AZ,Voluntary non-profit,4,99213,Office Visit (Established Patient),Blue Cross Blue Shield of Arizona,1563.8,359.38,382.77,115,3.33,Commercial,3: High (2.5-3.5x Medicare)
HonorHealth Scottsdale Osborn,Scottsdale,AZ,Voluntary non-profit,4,99213,Office Visit (Established Patient),Aetna,1563.8,359.38,325.9,115,2.83,Commercial,3: High (2.5-3.5x Medicare)
HonorHealth Scottsdale Osborn,Scottsdale,AZ,Voluntary non-profit,4,99213,Office Visit (Established Patient),UnitedHealthcare,1563.8,359.38,334.34,115,2.91,Commercial,3: High (2.5-3.5x Medicare)
HonorHealth Scottsdale Osborn,Scottsdale,AZ,Voluntary non-profit,4,99213,Office Visit (Established Patient),Cigna,1563.8,359.38,251.88,115,2.19,Commercial,2: Mid (1.5-2.5x Medicare)
HonorHealth Scottsdale Osborn,Scottsdale,AZ,Voluntary non-profit,4,99213,Office Visit (Established Patient),Humana,1563.8,359.38,351.78,115,3.06,Commercial,3: High (2.5-3.5x Medicare)
HonorHealth Scottsdale Osborn,Scottsdale,AZ,Voluntary non-profit,4,99213,Office Visit (Established Patient),Medicare,1563.8,359.38,112.84,115,0.98,Government,1: Low (<1.5x Medicare)
HonorHealth Scottsdale Osborn,Scottsdale,AZ,Voluntary non-profit,4,99213,Office Visit (Established Patient),Medicaid/AHCCCS,1563.8,359.38,92.14,115,0.8,Government,1: Low (<1.5x Medicare)
HonorHealth Scottsdale Osborn,Scottsdale,AZ,Voluntary non-profit,4,99213,Office Visit (Established Patient),Cash/Self-Pay,1563.8,359.38,359.38,115,3.13,Cash,3: High (2.5-3.5x Medicare)
HonorHealth Scottsdale Osborn,Scottsdale,AZ,Voluntary non-profit,4,99283,Emergency Dept Visit (Moderate),Blue Cross Blue Shield of Arizona,2681.17,342.22,564.15,186,3.03,Commercial,3: High (2.5-3.5x Medicare)
HonorHealth Scottsdale Osborn,Scottsdale,AZ,Voluntary non-profit,4,99283,Emergency Dept Visit (Moderate),Aetna,2681.17,342.22,474.63,186,2.55,Commercial,3: High (2.5-3.5x Medicare)
HonorHealth Scottsdale Osborn,Scottsdale,AZ,Voluntary non-profit,4,99283,Emergency Dept Visit (Moderate),UnitedHealthcare,2681.17,342.22,366.55,186,1.97,Commercial,2: Mid (1.5-2.5x Medicare)
HonorHealth Scottsdale Osborn,Scottsdale,AZ,Voluntary non-profit,4,99283,Emergency Dept Visit (Moderate),Cigna,2681.17,342.22,613.0,186,3.3,Commercial,3: High (2.5-3.5x Medicare)
HonorHealth Scottsdale Osborn,Scottsdale,AZ,Voluntary non-profit,4,99283,Emergency Dept Visit (Moderate),Humana,2681.17,342.22,382.57,186,2.06,Commercial,2: Mid (1.5-2.5x Medicare)
HonorHealth Scottsdale Osborn,Scottsdale,AZ,Voluntary non-profit,4,99283,Emergency Dept Visit (Moderate),Medicare,2681.17,342.22,185.07,186,0.99,Government,1: Low (<1.5x Medicare)
HonorHealth Scottsdale Osborn,Scottsdale,AZ,Voluntary non-profit,4,99283,Emergency Dept Visit (Moderate),Medicaid/AHCCCS,2681.17,342.22,137.44,186,0.74,Government,1: Low (<1.5x Medicare)
HonorHealth Scottsdale Osborn,Scottsdale,AZ,Voluntary non-profit,4,99283,Emergency Dept Visit (Moderate),Cash/Self-Pay,2681.17,342.22,342.22,186,1.84,Cash,2: Mid (1.5-2.5x Medicare)
HonorHealth Scottsdale Osborn,Scottsdale,AZ,Voluntary non-profit,4,27447,Total Knee Replacement,Blue Cross Blue Shield of Arizona,21471.82,3765.06,5241.28,1600,3.28,Commercial,3: High (2.5-3.5x Medicare)
HonorHealth Scottsdale Osborn,Scottsdale,AZ,Voluntary non-profit,4,27447,Total Knee Replacement,Aetna,21471.82,3765.06,3698.84,1600,2.31,Commercial,2: Mid (1.5-2.5x Medicare)
HonorHealth Scottsdale Osborn,Scottsdale,AZ,Voluntary non-profit,4,27447,Total Knee Replacement,UnitedHealthcare,21471.82,3765.06,4753.68,1600,2.97,Commercial,3: High (2.5-3.5x Medicare)
HonorHealth Scottsdale Osborn,Scottsdale,AZ,Voluntary non-profit,4,27447,Total Knee Replacement,Cigna,21471.82,3765.06,4956.26,1600,3.1,Commercial,3: High (2.5-3.5x Medicare)
HonorHealth Scottsdale Osborn,Scottsdale,AZ,Voluntary non-profit,4,27447,Total Knee Replacement,Humana,21471.82,3765.06,3761.71,1600,2.35,Commercial,2: Mid (1.5-2.5x Medicare)
HonorHealth Scottsdale Osborn,Scottsdale,AZ,Voluntary non-profit,4,27447,Total Knee Replacement,Medicare,21471.82,3765.06,1593.51,1600,1.0,Government,1: Low (<1.5x Medicare)
HonorHealth Scottsdale Osborn,Scottsdale,AZ,Voluntary non-profit,4,27447,Total Knee Replacement,Medicaid/AHCCCS,21471.82,3765.06,1371.21,1600,0.86,Government,1: Low (<1.5x Medicare)
HonorHealth Scottsdale Osborn,Scottsdale,AZ,Voluntary non-profit,4,27447,Total Knee Replacement,Cash/Self-Pay,21471.82,3765.06,3765.06,1600,2.35,Cash,2: Mid (1.5-2.5x Medicare)
HonorHealth Scottsdale Osborn,Scottsdale,AZ,Voluntary non-profit,4,27130,Total Hip Replacement,Blue Cross Blue Shield of Arizona,31967.12,5027.04,4979.5,1545,3.22,Commercial,3: High (2.5-3.5x Medicare)
HonorHealth Scottsdale Osborn,Scottsdale,AZ,Voluntary non-profit,4,27130,Total Hip Replacement,Aetna,31967.12,5027.04,4761.87,1545,3.08,Commercial,3: High (2.5-3.5x Medicare)
HonorHealth Scottsdale Osborn,Scottsdale,AZ,Voluntary non-profit,4,27130,Total Hip Replacement,UnitedHealthcare,31967.12,5027.04,2904.57,1545,1.88,Commercial,2: Mid (1.5-2.5x Medicare)
HonorHealth Scottsdale Osborn,Scottsdale,AZ,Voluntary non-profit,4,27130,Total Hip Replacement,Cigna,31967.12,5027.04,3260.3,1545,2.11,Commercial,2: Mid (1.5-2.5x Medicare)
HonorHealth Scottsdale Osborn,Scottsdale,AZ,Voluntary non-profit,4,27130,Total Hip Replacement,Humana,31967.12,5027.04,3590.43,1545,2.32,Commercial,2: Mid (1.5-2.5x Medicare)
HonorHealth Scottsdale Osborn,Scottsdale,AZ,Voluntary non-profit,4,27130,Total Hip Replacement,Medicare,31967.12,5027.04,1521.78,1545,0.98,Government,1: Low (<1.5x Medicare)
HonorHealth Scottsdale Osborn,Scottsdale,AZ,Voluntary non-profit,4,27130,Total Hip Replacement,Medicaid/AHCCCS,31967.12,5027.04,1320.87,1545,0.85,Government,1: Low (<1.5x Medicare)
HonorHealth Scottsdale Osborn,Scottsdale,AZ,Voluntary non-profit,4,27130,Total Hip Replacement,Cash/Self-Pay,31967.12,5027.04,5027.04,1545,3.25,Cash,3: High (2.5-3.5x Medicare)
HonorHealth Scottsdale Osborn,Scottsdale,AZ,Voluntary non-profit,4,43239,Upper GI Endoscopy,Blue Cross Blue Shield of Arizona,10704.73,1206.99,1484.92,612,2.43,Commercial,2: Mid (1.5-2.5x Medicare)
HonorHealth Scottsdale Osborn,Scottsdale,AZ,Voluntary non-profit,4,43239,Upper GI Endoscopy,Aetna,10704.73,1206.99,1934.8,612,3.16,Commercial,3: High (2.5-3.5x Medicare)
HonorHealth Scottsdale Osborn,Scottsdale,AZ,Voluntary non-profit,4,43239,Upper GI Endoscopy,UnitedHealthcare,10704.73,1206.99,1553.27,612,2.54,Commercial,3: High (2.5-3.5x Medicare)
HonorHealth Scottsdale Osborn,Scottsdale,AZ,Voluntary non-profit,4,43239,Upper GI Endoscopy,Cigna,10704.73,1206.99,1456.97,612,2.38,Commercial,2: Mid (1.5-2.5x Medicare)
HonorHealth Scottsdale Osborn,Scottsdale,AZ,Voluntary non-profit,4,43239,Upper GI Endoscopy,Humana,10704.73,1206.99,1256.87,612,2.05,Commercial,2: Mid (1.5-2.5x Medicare)
HonorHealth Scottsdale Osborn,Scottsdale,AZ,Voluntary non-profit,4,43239,Upper GI Endoscopy,Medicare,10704.73,1206.99,638.2,612,1.04,Government,1: Low (<1.5x Medicare)
HonorHealth Scottsdale Osborn,Scottsdale,AZ,Voluntary non-profit,4,43239,Upper GI Endoscopy,Medicaid/AHCCCS,10704.73,1206.99,455.89,612,0.74,Government,1: Low (<1.5x Medicare)
HonorHealth Scottsdale Osborn,Scottsdale,AZ,Voluntary non-profit,4,43239,Upper GI Endoscopy,Cash/Self-Pay,10704.73,1206.99,1206.99,612,1.97,Cash,2: Mid (1.5-2.5x Medicare)
HonorHealth Scottsdale Osborn,Scottsdale,AZ,Voluntary non-profit,4,45378,Colonoscopy,Blue Cross Blue Shield of Arizona,6632.66,1172.45,1363.44,492,2.77,Commercial,3: High (2.5-3.5x Medicare)
HonorHealth Scottsdale Osborn,Scottsdale,AZ,Voluntary non-profit,4,45378,Colonoscopy,Aetna,6632.66,1172.45,1365.29,492,2.77,Commercial,3: High (2.5-3.5x Medicare)
HonorHealth Scottsdale Osborn,Scottsdale,AZ,Voluntary non-profit,4,45378,Colonoscopy,UnitedHealthcare,6632.66,1172.45,1331.38,492,2.71,Commercial,3: High (2.5-3.5x Medicare)
HonorHealth Scottsdale Osborn,Scottsdale,AZ,Voluntary non-profit,4,45378,Colonoscopy,Cigna,6632.66,1172.45,1332.6,492,2.71,Commercial,3: High (2.5-3.5x Medicare)
HonorHealth Scottsdale Osborn,Scottsdale,AZ,Voluntary non-profit,4,45378,Colonoscopy,Humana,6632.66,1172.45,1417.62,492,2.88,Commercial,3: High (2.5-3.5x Medicare)
HonorHealth Scottsdale Osborn,Scottsdale,AZ,Voluntary non-profit,4,45378,Colonoscopy,Medicare,6632.66,1172.45,492.29,492,1.0,Government,1: Low (<1.5x Medicare)
HonorHealth Scottsdale Osborn,Scottsdale,AZ,Voluntary non-profit,4,45378,Colonoscopy,Medicaid/AHCCCS,6632.66,1172.45,427.13,492,0.87,Government,1: Low (<1.5x Medicare)
HonorHealth Scottsdale Osborn,Scottsdale,AZ,Voluntary non-profit,4,45378,Colonoscopy,Cash/Self-Pay,6632.66,1172.45,1172.45,492,2.38,Cash,2: Mid (1.5-2.5x Medicare)
HonorHealth Scottsdale Osborn,Scottsdale,AZ,Voluntary non-profit,4,59510,Cesarean Section,Blue Cross Blue Shield of Arizona,38812.03,5389.31,6231.65,2100,2.97,Commercial,3: High (2.5-3.5x Medicare)
HonorHealth Scottsdale Osborn,Scottsdale,AZ,Voluntary non-profit,4,59510,Cesarean Section,Aetna,38812.03,5389.31,6118.03,2100,2.91,Commercial,3: High (2.5-3.5x Medicare)
HonorHealth Scottsdale Osborn,Scottsdale,AZ,Voluntary non-profit,4,59510,Cesarean Section,UnitedHealthcare,38812.03,5389.31,4029.93,2100,1.92,Commercial,2: Mid (1.5-2.5x Medicare)
HonorHealth Scottsdale Osborn,Scottsdale,AZ,Voluntary non-profit,4,59510,Cesarean Section,Cigna,38812.03,5389.31,4713.31,2100,2.24,Commercial,2: Mid (1.5-2.5x Medicare)
HonorHealth Scottsdale Osborn,Scottsdale,AZ,Voluntary non-profit,4,59510,Cesarean Section,Humana,38812.03,5389.31,5869.25,2100,2.79,Commercial,3: High (2.5-3.5x Medicare)
HonorHealth Scottsdale Osborn,Scottsdale,AZ,Voluntary non-profit,4,59510,Cesarean Section,Medicare,38812.03,5389.31,2196.2,2100,1.05,Government,1: Low (<1.5x Medicare)
HonorHealth Scottsdale Osborn,Scottsdale,AZ,Voluntary non-profit,4,59510,Cesarean Section,Medicaid/AHCCCS,38812.03,5389.31,1624.54,2100,0.77,Government,1: Low (<1.5x Medicare)
HonorHealth Scottsdale Osborn,Scottsdale,AZ,Voluntary non-profit,4,59510,Cesarean Section,Cash/Self-Pay,38812.03,5389.31,5389.31,2100,2.57,Cash,3: High (2.5-3.5x Medicare)
Valleywise Health Medical Center,Phoenix,AZ,Government - Local,2,70553,MRI Brain with Contrast,Blue Cross Blue Shield of Arizona,3051.01,638.29,1489.48,446,3.34,Commercial,3: High (2.5-3.5x Medicare)
Valleywise Health Medical Center,Phoenix,AZ,Government - Local,2,70553,MRI Brain with Contrast,Aetna,3051.01,638.29,1101.54,446,2.47,Commercial,2: Mid (1.5-2.5x Medicare)
Valleywise Health Medical Center,Phoenix,AZ,Government - Local,2,70553,MRI Brain with Contrast,UnitedHealthcare,3051.01,638.29,852.57,446,1.91,Commercial,2: Mid (1.5-2.5x Medicare)
Valleywise Health Medical Center,Phoenix,AZ,Government - Local,2,70553,MRI Brain with Contrast,Cigna,3051.01,638.29,1217.07,446,2.73,Commercial,3: High (2.5-3.5x Medicare)
Valleywise Health Medical Center,Phoenix,AZ,Government - Local,2,70553,MRI Brain with Contrast,Humana,3051.01,638.29,888.64,446,1.99,Commercial,2: Mid (1.5-2.5x Medicare)
Valleywise Health Medical Center,Phoenix,AZ,Government - Local,2,70553,MRI Brain with Contrast,Medicare,3051.01,638.29,438.61,446,0.98,Government,1: Low (<1.5x Medicare)
Valleywise Health Medical Center,Phoenix,AZ,Government - Local,2,70553,MRI Brain with Contrast,Medicaid/AHCCCS,3051.01,638.29,382.21,446,0.86,Government,1: Low (<1.5x Medicare)
Valleywise Health Medical Center,Phoenix,AZ,Government - Local,2,70553,MRI Brain with Contrast,Cash/Self-Pay,3051.01,638.29,638.29,446,1.43,Cash,1: Low (<1.5x Medicare)
Valleywise Health Medical Center,Phoenix,AZ,Government - Local,2,71250,CT Chest,Blue Cross Blue Shield of Arizona,3726.91,611.71,896.2,312,2.87,Commercial,3: High (2.5-3.5x Medicare)
Valleywise Health Medical Center,Phoenix,AZ,Government - Local,2,71250,CT Chest,Aetna,3726.91,611.71,847.98,312,2.72,Commercial,3: High (2.5-3.5x Medicare)
Valleywise Health Medical Center,Phoenix,AZ,Government - Local,2,71250,CT Chest,UnitedHealthcare,3726.91,611.71,855.75,312,2.74,Commercial,3: High (2.5-3.5x Medicare)
Valleywise Health Medical Center,Phoenix,AZ,Government - Local,2,71250,CT Chest,Cigna,3726.91,611.71,698.82,312,2.24,Commercial,2: Mid (1.5-2.5x Medicare)
Valleywise Health Medical Center,Phoenix,AZ,Government - Local,2,71250,CT Chest,Humana,3726.91,611.71,786.77,312,2.52,Commercial,3: High (2.5-3.5x Medicare)
Valleywise Health Medical Center,Phoenix,AZ,Government - Local,2,71250,CT Chest,Medicare,3726.91,611.71,325.75,312,1.04,Government,1: Low (<1.5x Medicare)
Valleywise Health Medical Center,Phoenix,AZ,Government - Local,2,71250,CT Chest,Medicaid/AHCCCS,3726.91,611.71,234.58,312,0.75,Government,1: Low (<1.5x Medicare)
Valleywise Health Medical Center,Phoenix,AZ,Government - Local,2,71250,CT Chest,Cash/Self-Pay,3726.91,611.71,611.71,312,1.96,Cash,2: Mid (1.5-2.5x Medicare)
Valleywise Health Medical Center,Phoenix,AZ,Government - Local,2,74177,CT Abdomen & Pelvis,Blue Cross Blue Shield of Arizona,3658.76,798.54,1281.57,389,3.29,Commercial,3: High (2.5-3.5x Medicare)
Valleywise Health Medical Center,Phoenix,AZ,Government - Local,2,74177,CT Abdomen & Pelvis,Aetna,3658.76,798.54,1117.8,389,2.87,Commercial,3: High (2.5-3.5x Medicare)
Valleywise Health Medical Center,Phoenix,AZ,Government - Local,2,74177,CT Abdomen & Pelvis,UnitedHealthcare,3658.76,798.54,763.38,389,1.96,Commercial,2: Mid (1.5-2.5x Medicare)
Valleywise Health Medical Center,Phoenix,AZ,Government - Local,2,74177,CT Abdomen & Pelvis,Cigna,3658.76,798.54,910.34,389,2.34,Commercial,2: Mid (1.5-2.5x Medicare)
Valleywise Health Medical Center,Phoenix,AZ,Government - Local,2,74177,CT Abdomen & Pelvis,Humana,3658.76,798.54,1101.67,389,2.83,Commercial,3: High (2.5-3.5x Medicare)
Valleywise Health Medical Center,Phoenix,AZ,Government - Local,2,74177,CT Abdomen & Pelvis,Medicare,3658.76,798.54,388.52,389,1.0,Government,1: Low (<1.5x Medicare)
Valleywise Health Medical Center,Phoenix,AZ,Government - Local,2,74177,CT Abdomen & Pelvis,Medicaid/AHCCCS,3658.76,798.54,274.92,389,0.71,Government,1: Low (<1.5x Medicare)
Valleywise Health Medical Center,Phoenix,AZ,Government - Local,2,74177,CT Abdomen & Pelvis,Cash/Self-Pay,3658.76,798.54,798.54,389,2.05,Cash,2: Mid (1.5-2.5x Medicare)
Valleywise Health Medical Center,Phoenix,AZ,Government - Local,2,93000,Electrocardiogram (ECG),Blue Cross Blue Shield of Arizona,169.49,58.51,66.67,28,2.38,Commercial,2: Mid (1.5-2.5x Medicare)
Valleywise Health Medical Center,Phoenix,AZ,Government - Local,2,93000,Electrocardiogram (ECG),Aetna,169.49,58.51,88.37,28,3.16,Commercial,3: High (2.5-3.5x Medicare)
Valleywise Health Medical Center,Phoenix,AZ,Government - Local,2,93000,Electrocardiogram (ECG),UnitedHealthcare,169.49,58.51,83.37,28,2.98,Commercial,3: High (2.5-3.5x Medicare)
Valleywise Health Medical Center,Phoenix,AZ,Government - Local,2,93000,Electrocardiogram (ECG),Cigna,169.49,58.51,78.15,28,2.79,Commercial,3: High (2.5-3.5x Medicare)
Valleywise Health Medical Center,Phoenix,AZ,Government - Local,2,93000,Electrocardiogram (ECG),Humana,169.49,58.51,72.06,28,2.57,Commercial,3: High (2.5-3.5x Medicare)
Valleywise Health Medical Center,Phoenix,AZ,Government - Local,2,93000,Electrocardiogram (ECG),Medicare,169.49,58.51,26.92,28,0.96,Government,1: Low (<1.5x Medicare)
Valleywise Health Medical Center,Phoenix,AZ,Government - Local,2,93000,Electrocardiogram (ECG),Medicaid/AHCCCS,169.49,58.51,24.42,28,0.87,Government,1: Low (<1.5x Medicare)
Valleywise Health Medical Center,Phoenix,AZ,Government - Local,2,93000,Electrocardiogram (ECG),Cash/Self-Pay,169.49,58.51,58.51,28,2.09,Cash,2: Mid (1.5-2.5x Medicare)
Valleywise Health Medical Center,Phoenix,AZ,Government - Local,2,85025,Complete Blood Count (CBC),Blue Cross Blue Shield of Arizona,132.92,12.87,34.32,11,3.12,Commercial,3: High (2.5-3.5x Medicare)
Valleywise Health Medical Center,Phoenix,AZ,Government - Local,2,85025,Complete Blood Count (CBC),Aetna,132.92,12.87,33.22,11,3.02,Commercial,3: High (2.5-3.5x Medicare)
Valleywise Health Medical Center,Phoenix,AZ,Government - Local,2,85025,Complete Blood Count (CBC),UnitedHealthcare,132.92,12.87,26.57,11,2.42,Commercial,2: Mid (1.5-2.5x Medicare)
Valleywise Health Medical Center,Phoenix,AZ,Government - Local,2,85025,Complete Blood Count (CBC),Cigna,132.92,12.87,24.36,11,2.21,Commercial,2: Mid (1.5-2.5x Medicare)
Valleywise Health Medical Center,Phoenix,AZ,Government - Local,2,85025,Complete Blood Count (CBC),Humana,132.92,12.87,32.39,11,2.94,Commercial,3: High (2.5-3.5x Medicare)
Valleywise Health Medical Center,Phoenix,AZ,Government - Local,2,85025,Complete Blood Count (CBC),Medicare,132.92,12.87,10.95,11,1.0,Government,1: Low (<1.5x Medicare)
Valleywise Health Medical Center,Phoenix,AZ,Government - Local,2,85025,Complete Blood Count (CBC),Medicaid/AHCCCS,132.92,12.87,9.87,11,0.9,Government,1: Low (<1.5x Medicare)
Valleywise Health Medical Center,Phoenix,AZ,Government - Local,2,85025,Complete Blood Count (CBC),Cash/Self-Pay,132.92,12.87,12.87,11,1.17,Cash,1: Low (<1.5x Medicare)
Valleywise Health Medical Center,Phoenix,AZ,Government - Local,2,80053,Comprehensive Metabolic Panel,Blue Cross Blue Shield of Arizona,175.46,15.76,31.99,14,2.28,Commercial,2: Mid (1.5-2.5x Medicare)
Valleywise Health Medical Center,Phoenix,AZ,Government - Local,2,80053,Comprehensive Metabolic Panel,Aetna,175.46,15.76,41.81,14,2.99,Commercial,3: High (2.5-3.5x Medicare)
Valleywise Health Medical Center,Phoenix,AZ,Government - Local,2,80053,Comprehensive Metabolic Panel,UnitedHealthcare,175.46,15.76,38.52,14,2.75,Commercial,3: High (2.5-3.5x Medicare)
Valleywise Health Medical Center,Phoenix,AZ,Government - Local,2,80053,Comprehensive Metabolic Panel,Cigna,175.46,15.76,30.87,14,2.21,Commercial,2: Mid (1.5-2.5x Medicare)
Valleywise Health Medical Center,Phoenix,AZ,Government - Local,2,80053,Comprehensive Metabolic Panel,Humana,175.46,15.76,43.12,14,3.08,Commercial,3: High (2.5-3.5x Medicare)
Valleywise Health Medical Center,Phoenix,AZ,Government - Local,2,80053,Comprehensive Metabolic Panel,Medicare,175.46,15.76,13.58,14,0.97,Government,1: Low (<1.5x Medicare)
Valleywise Health Medical Center,Phoenix,AZ,Government - Local,2,80053,Comprehensive Metabolic Panel,Medicaid/AHCCCS,175.46,15.76,10.32,14,0.74,Government,1: Low (<1.5x Medicare)
Valleywise Health Medical Center,Phoenix,AZ,Government - Local,2,80053,Comprehensive Metabolic Panel,Cash/Self-Pay,175.46,15.76,15.76,14,1.13,Cash,1: Low (<1.5x Medicare)
Valleywise Health Medical Center,Phoenix,AZ,Government - Local,2,36415,Blood Draw,Blue Cross Blue Shield of Arizona,40.94,5.44,7.19,3,2.4,Commercial,2: Mid (1.5-2.5x Medicare)
Valleywise Health Medical Center,Phoenix,AZ,Government - Local,2,36415,Blood Draw,Aetna,40.94,5.44,9.48,3,3.16,Commercial,3: High (2.5-3.5x Medicare)
Valleywise Health Medical Center,Phoenix,AZ,Government - Local,2,36415,Blood Draw,UnitedHealthcare,40.94,5.44,6.94,3,2.31,Commercial,2: Mid (1.5-2.5x Medicare)
Valleywise Health Medical Center,Phoenix,AZ,Government - Local,2,36415,Blood Draw,Cigna,40.94,5.44,6.31,3,2.1,Commercial,2: Mid (1.5-2.5x Medicare)
Valleywise Health Medical Center,Phoenix,AZ,Government - Local,2,36415,Blood Draw,Humana,40.94,5.44,6.83,3,2.28,Commercial,2: Mid (1.5-2.5x Medicare)
Valleywise Health Medical Center,Phoenix,AZ,Government - Local,2,36415,Blood Draw,Medicare,40.94,5.44,3.1,3,1.03,Government,1: Low (<1.5x Medicare)
Valleywise Health Medical Center,Phoenix,AZ,Government - Local,2,36415,Blood Draw,Medicaid/AHCCCS,40.94,5.44,2.38,3,0.79,Government,1: Low (<1.5x Medicare)
Valleywise Health Medical Center,Phoenix,AZ,Government - Local,2,36415,Blood Draw,Cash/Self-Pay,40.94,5.44,5.44,3,1.81,Cash,2: Mid (1.5-2.5x Medicare)
Valleywise Health Medical Center,Phoenix,AZ,Government - Local,2,99213,Office Visit (Established Patient),Blue Cross Blue Shield of Arizona,1006.15,188.36,376.82,115,3.28,Commercial,3: High (2.5-3.5x Medicare)
Valleywise Health Medical Center,Phoenix,AZ,Government - Local,2,99213,Office Visit (Established Patient),Aetna,1006.15,188.36,249.59,115,2.17,Commercial,2: Mid (1.5-2.5x Medicare)
Valleywise Health Medical Center,Phoenix,AZ,Government - Local,2,99213,Office Visit (Established Patient),UnitedHealthcare,1006.15,188.36,323.12,115,2.81,Commercial,3: High (2.5-3.5x Medicare)
Valleywise Health Medical Center,Phoenix,AZ,Government - Local,2,99213,Office Visit (Established Patient),Cigna,1006.15,188.36,332.61,115,2.89,Commercial,3: High (2.5-3.5x Medicare)
Valleywise Health Medical Center,Phoenix,AZ,Government - Local,2,99213,Office Visit (Established Patient),Humana,1006.15,188.36,307.22,115,2.67,Commercial,3: High (2.5-3.5x Medicare)
Valleywise Health Medical Center,Phoenix,AZ,Government - Local,2,99213,Office Visit (Established Patient),Medicare,1006.15,188.36,115.15,115,1.0,Government,1: Low (<1.5x Medicare)
Valleywise Health Medical Center,Phoenix,AZ,Government - Local,2,99213,Office Visit (Established Patient),Medicaid/AHCCCS,1006.15,188.36,87.52,115,0.76,Government,1: Low (<1.5x Medicare)
Valleywise Health Medical Center,Phoenix,AZ,Government - Local,2,99213,Office Visit (Established Patient),Cash/Self-Pay,1006.15,188.36,188.36,115,1.64,Cash,2: Mid (1.5-2.5x Medicare)
Valleywise Health Medical Center,Phoenix,AZ,Government - Local,2,99283,Emergency Dept Visit (Moderate),Blue Cross Blue Shield of Arizona,1380.72,210.65,482.69,186,2.6,Commercial,3: High (2.5-3.5x Medicare)
Valleywise Health Medical Center,Phoenix,AZ,Government - Local,2,99283,Emergency Dept Visit (Moderate),Aetna,1380.72,210.65,430.1,186,2.31,Commercial,2: Mid (1.5-2.5x Medicare)
Valleywise Health Medical Center,Phoenix,AZ,Government - Local,2,99283,Emergency Dept Visit (Moderate),UnitedHealthcare,1380.72,210.65,527.77,186,2.84,Commercial,3: High (2.5-3.5x Medicare)
Valleywise Health Medical Center,Phoenix,AZ,Government - Local,2,99283,Emergency Dept Visit (Moderate),Cigna,1380.72,210.65,550.91,186,2.96,Commercial,3: High (2.5-3.5x Medicare)
Valleywise Health Medical Center,Phoenix,AZ,Government - Local,2,99283,Emergency Dept Visit (Moderate),Humana,1380.72,210.65,533.06,186,2.87,Commercial,3: High (2.5-3.5x Medicare)
Valleywise Health Medical Center,Phoenix,AZ,Government - Local,2,99283,Emergency Dept Visit (Moderate),Medicare,1380.72,210.65,194.61,186,1.05,Government,1: Low (<1.5x Medicare)
Valleywise Health Medical Center,Phoenix,AZ,Government - Local,2,99283,Emergency Dept Visit (Moderate),Medicaid/AHCCCS,1380.72,210.65,157.23,186,0.85,Government,1: Low (<1.5x Medicare)
Valleywise Health Medical Center,Phoenix,AZ,Government - Local,2,99283,Emergency Dept Visit (Moderate),Cash/Self-Pay,1380.72,210.65,210.65,186,1.13,Cash,1: Low (<1.5x Medicare)
Valleywise Health Medical Center,Phoenix,AZ,Government - Local,2,27447,Total Knee Replacement,Blue Cross Blue Shield of Arizona,13223.35,3208.49,4105.56,1600,2.57,Commercial,3: High (2.5-3.5x Medicare)
Valleywise Health Medical Center,Phoenix,AZ,Government - Local,2,27447,Total Knee Replacement,Aetna,13223.35,3208.49,3223.82,1600,2.01,Commercial,2: Mid (1.5-2.5x Medicare)
Valleywise Health Medical Center,Phoenix,AZ,Government - Local,2,27447,Total Knee Replacement,UnitedHealthcare,13223.35,3208.49,2972.43,1600,1.86,Commercial,2: Mid (1.5-2.5x Medicare)
Valleywise Health Medical Center,Phoenix,AZ,Government - Local,2,27447,Total Knee Replacement,Cigna,13223.35,3208.49,3364.26,1600,2.1,Commercial,2: Mid (1.5-2.5x Medicare)
Valleywise Health Medical Center,Phoenix,AZ,Government - Local,2,27447,Total Knee Replacement,Humana,13223.35,3208.49,4041.18,1600,2.53,Commercial,3: High (2.5-3.5x Medicare)
Valleywise Health Medical Center,Phoenix,AZ,Government - Local,2,27447,Total Knee Replacement,Medicare,13223.35,3208.49,1653.02,1600,1.03,Government,1: Low (<1.5x Medicare)
Valleywise Health Medical Center,Phoenix,AZ,Government - Local,2,27447,Total Knee Replacement,Medicaid/AHCCCS,13223.35,3208.49,1311.67,1600,0.82,Government,1: Low (<1.5x Medicare)
Valleywise Health Medical Center,Phoenix,AZ,Government - Local,2,27447,Total Knee Replacement,Cash/Self-Pay,13223.35,3208.49,3208.49,1600,2.01,Cash,2: Mid (1.5-2.5x Medicare)
Valleywise Health Medical Center,Phoenix,AZ,Government - Local,2,27130,Total Hip Replacement,Blue Cross Blue Shield of Arizona,10089.88,1852.52,5225.99,1545,3.38,Commercial,3: High (2.5-3.5x Medicare)
Valleywise Health Medical Center,Phoenix,AZ,Government - Local,2,27130,Total Hip Replacement,Aetna,10089.88,1852.52,3677.62,1545,2.38,Commercial,2: Mid (1.5-2.5x Medicare)
Valleywise Health Medical Center,Phoenix,AZ,Government - Local,2,27130,Total Hip Replacement,UnitedHealthcare,10089.88,1852.52,3951.44,1545,2.56,Commercial,3: High (2.5-3.5x Medicare)
Valleywise Health Medical Center,Phoenix,AZ,Government - Local,2,27130,Total Hip Replacement,Cigna,10089.88,1852.52,4069.48,1545,2.63,Commercial,3: High (2.5-3.5x Medicare)
Valleywise Health Medical Center,Phoenix,AZ,Government - Local,2,27130,Total Hip Replacement,Humana,10089.88,1852.52,3067.01,1545,1.99,Commercial,2: Mid (1.5-2.5x Medicare)
Valleywise Health Medical Center,Phoenix,AZ,Government - Local,2,27130,Total Hip Replacement,Medicare,10089.88,1852.52,1523.66,1545,0.99,Government,1: Low (<1.5x Medicare)
Valleywise Health Medical Center,Phoenix,AZ,Government - Local,2,27130,Total Hip Replacement,Medicaid/AHCCCS,10089.88,1852.52,1227.5,1545,0.79,Government,1: Low (<1.5x Medicare)
Valleywise Health Medical Center,Phoenix,AZ,Government - Local,2,27130,Total Hip Replacement,Cash/Self-Pay,10089.88,1852.52,1852.52,1545,1.2,Cash,1: Low (<1.5x Medicare)
Valleywise Health Medical Center,Phoenix,AZ,Government - Local,2,43239,Upper GI Endoscopy,Blue Cross Blue Shield of Arizona,3609.44,764.78,1566.63,612,2.56,Commercial,3: High (2.5-3.5x Medicare)
Valleywise Health Medical Center,Phoenix,AZ,Government - Local,2,43239,Upper GI Endoscopy,Aetna,3609.44,764.78,1376.02,612,2.25,Commercial,2: Mid (1.5-2.5x Medicare)
Valleywise Health Medical Center,Phoenix,AZ,Government - Local,2,43239,Upper GI Endoscopy,UnitedHealthcare,3609.44,764.78,1350.46,612,2.21,Commercial,2: Mid (1.5-2.5x Medicare)
Valleywise Health Medical Center,Phoenix,AZ,Government - Local,2,43239,Upper GI Endoscopy,Cigna,3609.44,764.78,1293.29,612,2.11,Commercial,2: Mid (1.5-2.5x Medicare)
Valleywise Health Medical Center,Phoenix,AZ,Government - Local,2,43239,Upper GI Endoscopy,Humana,3609.44,764.78,1678.54,612,2.74,Commercial,3: High (2.5-3.5x Medicare)
Valleywise Health Medical Center,Phoenix,AZ,Government - Local,2,43239,Upper GI Endoscopy,Medicare,3609.44,764.78,589.45,612,0.96,Government,1: Low (<1.5x Medicare)
Valleywise Health Medical Center,Phoenix,AZ,Government - Local,2,43239,Upper GI Endoscopy,Medicaid/AHCCCS,3609.44,764.78,462.03,612,0.75,Government,1: Low (<1.5x Medicare)
Valleywise Health Medical Center,Phoenix,AZ,Government - Local,2,43239,Upper GI Endoscopy,Cash/Self-Pay,3609.44,764.78,764.78,612,1.25,Cash,1: Low (<1.5x Medicare)
Valleywise Health Medical Center,Phoenix,AZ,Government - Local,2,45378,Colonoscopy,Blue Cross Blue Shield of Arizona,4469.88,766.81,1345.29,492,2.73,Commercial,3: High (2.5-3.5x Medicare)
Valleywise Health Medical Center,Phoenix,AZ,Government - Local,2,45378,Colonoscopy,Aetna,4469.88,766.81,1468.84,492,2.99,Commercial,3: High (2.5-3.5x Medicare)
Valleywise Health Medical Center,Phoenix,AZ,Government - Local,2,45378,Colonoscopy,UnitedHealthcare,4469.88,766.81,1290.96,492,2.62,Commercial,3: High (2.5-3.5x Medicare)
Valleywise Health Medical Center,Phoenix,AZ,Government - Local,2,45378,Colonoscopy,Cigna,4469.88,766.81,1464.45,492,2.98,Commercial,3: High (2.5-3.5x Medicare)
Valleywise Health Medical Center,Phoenix,AZ,Government - Local,2,45378,Colonoscopy,Humana,4469.88,766.81,1148.48,492,2.33,Commercial,2: Mid (1.5-2.5x Medicare)
Valleywise Health Medical Center,Phoenix,AZ,Government - Local,2,45378,Colonoscopy,Medicare,4469.88,766.81,467.9,492,0.95,Government,1: Low (<1.5x Medicare)
Valleywise Health Medical Center,Phoenix,AZ,Government - Local,2,45378,Colonoscopy,Medicaid/AHCCCS,4469.88,766.81,406.99,492,0.83,Government,1: Low (<1.5x Medicare)
Valleywise Health Medical Center,Phoenix,AZ,Government - Local,2,45378,Colonoscopy,Cash/Self-Pay,4469.88,766.81,766.81,492,1.56,Cash,2: Mid (1.5-2.5x Medicare)
Valleywise Health Medical Center,Phoenix,AZ,Government - Local,2,59510,Cesarean Section,Blue Cross Blue Shield of Arizona,29029.05,3712.04,7005.2,2100,3.34,Commercial,3: High (2.5-3.5x Medicare)
Valleywise Health Medical Center,Phoenix,AZ,Government - Local,2,59510,Cesarean Section,Aetna,29029.05,3712.04,4229.5,2100,2.01,Commercial,2: Mid (1.5-2.5x Medicare)
Valleywise Health Medical Center,Phoenix,AZ,Government - Local,2,59510,Cesarean Section,UnitedHealthcare,29029.05,3712.04,5187.78,2100,2.47,Commercial,2: Mid (1.5-2.5x Medicare)
Valleywise Health Medical Center,Phoenix,AZ,Government - Local,2,59510,Cesarean Section,Cigna,29029.05,3712.04,6037.2,2100,2.87,Commercial,3: High (2.5-3.5x Medicare)
Valleywise Health Medical Center,Phoenix,AZ,Government - Local,2,59510,Cesarean Section,Humana,29029.05,3712.04,6151.06,2100,2.93,Commercial,3: High (2.5-3.5x Medicare)
Valleywise Health Medical Center,Phoenix,AZ,Government - Local,2,59510,Cesarean Section,Medicare,29029.05,3712.04,2085.51,2100,0.99,Government,1: Low (<1.5x Medicare)
Valleywise Health Medical Center,Phoenix,AZ,Government - Local,2,59510,Cesarean Section,Medicaid/AHCCCS,29029.05,3712.04,1603.92,2100,0.76,Government,1: Low (<1.5x Medicare)
Valleywise Health Medical Center,Phoenix,AZ,Government - Local,2,59510,Cesarean Section,Cash/Self-Pay,29029.05,3712.04,3712.04,2100,1.77,Cash,2: Mid (1.5-2.5x Medicare)
Banner Gateway Medical Center,Gilbert,AZ,Voluntary non-profit,4,70553,MRI Brain with Contrast,Blue Cross Blue Shield of Arizona,6222.74,1231.06,1390.3,446,3.12,Commercial,3: High (2.5-3.5x Medicare)
Banner Gateway Medical Center,Gilbert,AZ,Voluntary non-profit,4,70553,MRI Brain with Contrast,Aetna,6222.74,1231.06,1077.11,446,2.42,Commercial,2: Mid (1.5-2.5x Medicare)
Banner Gateway Medical Center,Gilbert,AZ,Voluntary non-profit,4,70553,MRI Brain with Contrast,UnitedHealthcare,6222.74,1231.06,1022.03,446,2.29,Commercial,2: Mid (1.5-2.5x Medicare)
Banner Gateway Medical Center,Gilbert,AZ,Voluntary non-profit,4,70553,MRI Brain with Contrast,Cigna,6222.74,1231.06,1155.23,446,2.59,Commercial,3: High (2.5-3.5x Medicare)
Banner Gateway Medical Center,Gilbert,AZ,Voluntary non-profit,4,70553,MRI Brain with Contrast,Humana,6222.74,1231.06,1053.03,446,2.36,Commercial,2: Mid (1.5-2.5x Medicare)
Banner Gateway Medical Center,Gilbert,AZ,Voluntary non-profit,4,70553,MRI Brain with Contrast,Medicare,6222.74,1231.06,425.08,446,0.95,Government,1: Low (<1.5x Medicare)
Banner Gateway Medical Center,Gilbert,AZ,Voluntary non-profit,4,70553,MRI Brain with Contrast,Medicaid/AHCCCS,6222.74,1231.06,346.81,446,0.78,Government,1: Low (<1.5x Medicare)
Banner Gateway Medical Center,Gilbert,AZ,Voluntary non-profit,4,70553,MRI Brain with Contrast,Cash/Self-Pay,6222.74,1231.06,1231.06,446,2.76,Cash,3: High (2.5-3.5x Medicare)
Banner Gateway Medical Center,Gilbert,AZ,Voluntary non-profit,4,71250,CT Chest,Blue Cross Blue Shield of Arizona,3406.69,550.44,993.12,312,3.18,Commercial,3: High (2.5-3.5x Medicare)
Banner Gateway Medical Center,Gilbert,AZ,Voluntary non-profit,4,71250,CT Chest,Aetna,3406.69,550.44,956.62,312,3.07,Commercial,3: High (2.5-3.5x Medicare)
Banner Gateway Medical Center,Gilbert,AZ,Voluntary non-profit,4,71250,CT Chest,UnitedHealthcare,3406.69,550.44,705.94,312,2.26,Commercial,2: Mid (1.5-2.5x Medicare)
Banner Gateway Medical Center,Gilbert,AZ,Voluntary non-profit,4,71250,CT Chest,Cigna,3406.69,550.44,962.13,312,3.08,Commercial,3: High (2.5-3.5x Medicare)
Banner Gateway Medical Center,Gilbert,AZ,Voluntary non-profit,4,71250,CT Chest,Humana,3406.69,550.44,693.98,312,2.22,Commercial,2: Mid (1.5-2.5x Medicare)
Banner Gateway Medical Center,Gilbert,AZ,Voluntary non-profit,4,71250,CT Chest,Medicare,3406.69,550.44,313.8,312,1.01,Government,1: Low (<1.5x Medicare)
Banner Gateway Medical Center,Gilbert,AZ,Voluntary non-profit,4,71250,CT Chest,Medicaid/AHCCCS,3406.69,550.44,240.07,312,0.77,Government,1: Low (<1.5x Medicare)
Banner Gateway Medical Center,Gilbert,AZ,Voluntary non-profit,4,71250,CT Chest,Cash/Self-Pay,3406.69,550.44,550.44,312,1.76,Cash,2: Mid (1.5-2.5x Medicare)
Banner Gateway Medical Center,Gilbert,AZ,Voluntary non-profit,4,74177,CT Abdomen & Pelvis,Blue Cross Blue Shield of Arizona,6597.12,763.98,1080.35,389,2.78,Commercial,3: High (2.5-3.5x Medicare)
Banner Gateway Medical Center,Gilbert,AZ,Voluntary non-profit,4,74177,CT Abdomen & Pelvis,Aetna,6597.12,763.98,1043.79,389,2.68,Commercial,3: High (2.5-3.5x Medicare)
Banner Gateway Medical Center,Gilbert,AZ,Voluntary non-profit,4,74177,CT Abdomen & Pelvis,UnitedHealthcare,6597.12,763.98,806.51,389,2.07,Commercial,2: Mid (1.5-2.5x Medicare)
Banner Gateway Medical Center,Gilbert,AZ,Voluntary non-profit,4,74177,CT Abdomen & Pelvis,Cigna,6597.12,763.98,1177.76,389,3.03,Commercial,3: High (2.5-3.5x Medicare)
Banner Gateway Medical Center,Gilbert,AZ,Voluntary non-profit,4,74177,CT Abdomen & Pelvis,Humana,6597.12,763.98,955.08,389,2.46,Commercial,2: Mid (1.5-2.5x Medicare)
Banner Gateway Medical Center,Gilbert,AZ,Voluntary non-profit,4,74177,CT Abdomen & Pelvis,Medicare,6597.12,763.98,388.35,389,1.0,Government,1: Low (<1.5x Medicare)
Banner Gateway Medical Center,Gilbert,AZ,Voluntary non-profit,4,74177,CT Abdomen & Pelvis,Medicaid/AHCCCS,6597.12,763.98,339.48,389,0.87,Government,1: Low (<1.5x Medicare)
Banner Gateway Medical Center,Gilbert,AZ,Voluntary non-profit,4,74177,CT Abdomen & Pelvis,Cash/Self-Pay,6597.12,763.98,763.98,389,1.96,Cash,2: Mid (1.5-2.5x Medicare)
Banner Gateway Medical Center,Gilbert,AZ,Voluntary non-profit,4,93000,Electrocardiogram (ECG),Blue Cross Blue Shield of Arizona,478.18,66.39,72.0,28,2.57,Commercial,3: High (2.5-3.5x Medicare)
Banner Gateway Medical Center,Gilbert,AZ,Voluntary non-profit,4,93000,Electrocardiogram (ECG),Aetna,478.18,66.39,85.08,28,3.04,Commercial,3: High (2.5-3.5x Medicare)
Banner Gateway Medical Center,Gilbert,AZ,Voluntary non-profit,4,93000,Electrocardiogram (ECG),UnitedHealthcare,478.18,66.39,57.14,28,2.04,Commercial,2: Mid (1.5-2.5x Medicare)
Banner Gateway Medical Center,Gilbert,AZ,Voluntary non-profit,4,93000,Electrocardiogram (ECG),Cigna,478.18,66.39,88.16,28,3.15,Commercial,3: High (2.5-3.5x Medicare)
Banner Gateway Medical Center,Gilbert,AZ,Voluntary non-profit,4,93000,Electrocardiogram (ECG),Humana,478.18,66.39,76.31,28,2.73,Commercial,3: High (2.5-3.5x Medicare)
Banner Gateway Medical Center,Gilbert,AZ,Voluntary non-profit,4,93000,Electrocardiogram (ECG),Medicare,478.18,66.39,28.54,28,1.02,Government,1: Low (<1.5x Medicare)
Banner Gateway Medical Center,Gilbert,AZ,Voluntary non-profit,4,93000,Electrocardiogram (ECG),Medicaid/AHCCCS,478.18,66.39,20.35,28,0.73,Government,1: Low (<1.5x Medicare)
Banner Gateway Medical Center,Gilbert,AZ,Voluntary non-profit,4,93000,Electrocardiogram (ECG),Cash/Self-Pay,478.18,66.39,66.39,28,2.37,Cash,2: Mid (1.5-2.5x Medicare)
Banner Gateway Medical Center,Gilbert,AZ,Voluntary non-profit,4,85025,Complete Blood Count (CBC),Blue Cross Blue Shield of Arizona,142.13,25.77,35.7,11,3.25,Commercial,3: High (2.5-3.5x Medicare)
Banner Gateway Medical Center,Gilbert,AZ,Voluntary non-profit,4,85025,Complete Blood Count (CBC),Aetna,142.13,25.77,32.94,11,2.99,Commercial,3: High (2.5-3.5x Medicare)
Banner Gateway Medical Center,Gilbert,AZ,Voluntary non-profit,4,85025,Complete Blood Count (CBC),UnitedHealthcare,142.13,25.77,29.75,11,2.7,Commercial,3: High (2.5-3.5x Medicare)
Banner Gateway Medical Center,Gilbert,AZ,Voluntary non-profit,4,85025,Complete Blood Count (CBC),Cigna,142.13,25.77,28.97,11,2.63,Commercial,3: High (2.5-3.5x Medicare)
Banner Gateway Medical Center,Gilbert,AZ,Voluntary non-profit,4,85025,Complete Blood Count (CBC),Humana,142.13,25.77,31.57,11,2.87,Commercial,3: High (2.5-3.5x Medicare)
Banner Gateway Medical Center,Gilbert,AZ,Voluntary non-profit,4,85025,Complete Blood Count (CBC),Medicare,142.13,25.77,10.53,11,0.96,Government,1: Low (<1.5x Medicare)
Banner Gateway Medical Center,Gilbert,AZ,Voluntary non-profit,4,85025,Complete Blood Count (CBC),Medicaid/AHCCCS,142.13,25.77,9.8,11,0.89,Government,1: Low (<1.5x Medicare)
Banner Gateway Medical Center,Gilbert,AZ,Voluntary non-profit,4,85025,Complete Blood Count (CBC),Cash/Self-Pay,142.13,25.77,25.77,11,2.34,Cash,2: Mid (1.5-2.5x Medicare)
Banner Gateway Medical Center,Gilbert,AZ,Voluntary non-profit,4,80053,Comprehensive Metabolic Panel,Blue Cross Blue Shield of Arizona,225.78,31.37,32.2,14,2.3,Commercial,2: Mid (1.5-2.5x Medicare)
Banner Gateway Medical Center,Gilbert,AZ,Voluntary non-profit,4,80053,Comprehensive Metabolic Panel,Aetna,225.78,31.37,32.96,14,2.35,Commercial,2: Mid (1.5-2.5x Medicare)
Banner Gateway Medical Center,Gilbert,AZ,Voluntary non-profit,4,80053,Comprehensive Metabolic Panel,UnitedHealthcare,225.78,31.37,30.6,14,2.19,Commercial,2: Mid (1.5-2.5x Medicare)
Banner Gateway Medical Center,Gilbert,AZ,Voluntary non-profit,4,80053,Comprehensive Metabolic Panel,Cigna,225.78,31.37,39.79,14,2.84,Commercial,3: High (2.5-3.5x Medicare)
Banner Gateway Medical Center,Gilbert,AZ,Voluntary non-profit,4,80053,Comprehensive Metabolic Panel,Humana,225.78,31.37,27.81,14,1.99,Commercial,2: Mid (1.5-2.5x Medicare)
Banner Gateway Medical Center,Gilbert,AZ,Voluntary non-profit,4,80053,Comprehensive Metabolic Panel,Medicare,225.78,31.37,13.64,14,0.97,Government,1: Low (<1.5x Medicare)
Banner Gateway Medical Center,Gilbert,AZ,Voluntary non-profit,4,80053,Comprehensive Metabolic Panel,Medicaid/AHCCCS,225.78,31.37,11.8,14,0.84,Government,1: Low (<1.5x Medicare)
Banner Gateway Medical Center,Gilbert,AZ,Voluntary non-profit,4,80053,Comprehensive Metabolic Panel,Cash/Self-Pay,225.78,31.37,31.37,14,2.24,Cash,2: Mid (1.5-2.5x Medicare)
Banner Gateway Medical Center,Gilbert,AZ,Voluntary non-profit,4,36415,Blood Draw,Blue Cross Blue Shield of Arizona,61.31,9.33,8.75,3,2.92,Commercial,3: High (2.5-3.5x Medicare)
Banner Gateway Medical Center,Gilbert,AZ,Voluntary non-profit,4,36415,Blood Draw,Aetna,61.31,9.33,6.48,3,2.16,Commercial,2: Mid (1.5-2.5x Medicare)
Banner Gateway Medical Center,Gilbert,AZ,Voluntary non-profit,4,36415,Blood Draw,UnitedHealthcare,61.31,9.33,5.57,3,1.86,Commercial,2: Mid (1.5-2.5x Medicare)
Banner Gateway Medical Center,Gilbert,AZ,Voluntary non-profit,4,36415,Blood Draw,Cigna,61.31,9.33,8.89,3,2.96,Commercial,3: High (2.5-3.5x Medicare)
Banner Gateway Medical Center,Gilbert,AZ,Voluntary non-profit,4,36415,Blood Draw,Humana,61.31,9.33,8.54,3,2.85,Commercial,3: High (2.5-3.5x Medicare)
Banner Gateway Medical Center,Gilbert,AZ,Voluntary non-profit,4,36415,Blood Draw,Medicare,61.31,9.33,2.98,3,0.99,Government,1: Low (<1.5x Medicare)
Banner Gateway Medical Center,Gilbert,AZ,Voluntary non-profit,4,36415,Blood Draw,Medicaid/AHCCCS,61.31,9.33,2.65,3,0.88,Government,1: Low (<1.5x Medicare)
Banner Gateway Medical Center,Gilbert,AZ,Voluntary non-profit,4,36415,Blood Draw,Cash/Self-Pay,61.31,9.33,9.33,3,3.11,Cash,3: High (2.5-3.5x Medicare)
Banner Gateway Medical Center,Gilbert,AZ,Voluntary non-profit,4,99213,Office Visit (Established Patient),Blue Cross Blue Shield of Arizona,1614.67,389.39,266.35,115,2.32,Commercial,2: Mid (1.5-2.5x Medicare)
Banner Gateway Medical Center,Gilbert,AZ,Voluntary non-profit,4,99213,Office Visit (Established Patient),Aetna,1614.67,389.39,253.04,115,2.2,Commercial,2: Mid (1.5-2.5x Medicare)
Banner Gateway Medical Center,Gilbert,AZ,Voluntary non-profit,4,99213,Office Visit (Established Patient),UnitedHealthcare,1614.67,389.39,248.13,115,2.16,Commercial,2: Mid (1.5-2.5x Medicare)
Banner Gateway Medical Center,Gilbert,AZ,Voluntary non-profit,4,99213,Office Visit (Established Patient),Cigna,1614.67,389.39,304.81,115,2.65,Commercial,3: High (2.5-3.5x Medicare)
Banner Gateway Medical Center,Gilbert,AZ,Voluntary non-profit,4,99213,Office Visit (Established Patient),Humana,1614.67,389.39,324.42,115,2.82,Commercial,3: High (2.5-3.5x Medicare)
Banner Gateway Medical Center,Gilbert,AZ,Voluntary non-profit,4,99213,Office Visit (Established Patient),Medicare,1614.67,389.39,118.71,115,1.03,Government,1: Low (<1.5x Medicare)
Banner Gateway Medical Center,Gilbert,AZ,Voluntary non-profit,4,99213,Office Visit (Established Patient),Medicaid/AHCCCS,1614.67,389.39,100.06,115,0.87,Government,1: Low (<1.5x Medicare)
Banner Gateway Medical Center,Gilbert,AZ,Voluntary non-profit,4,99213,Office Visit (Established Patient),Cash/Self-Pay,1614.67,389.39,389.39,115,3.39,Cash,3: High (2.5-3.5x Medicare)
Banner Gateway Medical Center,Gilbert,AZ,Voluntary non-profit,4,99283,Emergency Dept Visit (Moderate),Blue Cross Blue Shield of Arizona,2169.78,531.45,523.4,186,2.81,Commercial,3: High (2.5-3.5x Medicare)
Banner Gateway Medical Center,Gilbert,AZ,Voluntary non-profit,4,99283,Emergency Dept Visit (Moderate),Aetna,2169.78,531.45,517.45,186,2.78,Commercial,3: High (2.5-3.5x Medicare)
Banner Gateway Medical Center,Gilbert,AZ,Voluntary non-profit,4,99283,Emergency Dept Visit (Moderate),UnitedHealthcare,2169.78,531.45,533.5,186,2.87,Commercial,3: High (2.5-3.5x Medicare)
Banner Gateway Medical Center,Gilbert,AZ,Voluntary non-profit,4,99283,Emergency Dept Visit (Moderate),Cigna,2169.78,531.45,574.02,186,3.09,Commercial,3: High (2.5-3.5x Medicare)
Banner Gateway Medical Center,Gilbert,AZ,Voluntary non-profit,4,99283,Emergency Dept Visit (Moderate),Humana,2169.78,531.45,463.41,186,2.49,Commercial,2: Mid (1.5-2.5x Medicare)
Banner Gateway Medical Center,Gilbert,AZ,Voluntary non-profit,4,99283,Emergency Dept Visit (Moderate),Medicare,2169.78,531.45,186.58,186,1.0,Government,1: Low (<1.5x Medicare)
Banner Gateway Medical Center,Gilbert,AZ,Voluntary non-profit,4,99283,Emergency Dept Visit (Moderate),Medicaid/AHCCCS,2169.78,531.45,152.34,186,0.82,Government,1: Low (<1.5x Medicare)
Banner Gateway Medical Center,Gilbert,AZ,Voluntary non-profit,4,99283,Emergency Dept Visit (Moderate),Cash/Self-Pay,2169.78,531.45,531.45,186,2.86,Cash,3: High (2.5-3.5x Medicare)
Banner Gateway Medical Center,Gilbert,AZ,Voluntary non-profit,4,27447,Total Knee Replacement,Blue Cross Blue Shield of Arizona,14019.94,4038.51,5524.08,1600,3.45,Commercial,3: High (2.5-3.5x Medicare)
Banner Gateway Medical Center,Gilbert,AZ,Voluntary non-profit,4,27447,Total Knee Replacement,Aetna,14019.94,4038.51,5073.95,1600,3.17,Commercial,3: High (2.5-3.5x Medicare)
Banner Gateway Medical Center,Gilbert,AZ,Voluntary non-profit,4,27447,Total Knee Replacement,UnitedHealthcare,14019.94,4038.51,2913.7,1600,1.82,Commercial,2: Mid (1.5-2.5x Medicare)
Banner Gateway Medical Center,Gilbert,AZ,Voluntary non-profit,4,27447,Total Knee Replacement,Cigna,14019.94,4038.51,3823.59,1600,2.39,Commercial,2: Mid (1.5-2.5x Medicare)
Banner Gateway Medical Center,Gilbert,AZ,Voluntary non-profit,4,27447,Total Knee Replacement,Humana,14019.94,4038.51,4538.32,1600,2.84,Commercial,3: High (2.5-3.5x Medicare)
Banner Gateway Medical Center,Gilbert,AZ,Voluntary non-profit,4,27447,Total Knee Replacement,Medicare,14019.94,4038.51,1583.68,1600,0.99,Government,1: Low (<1.5x Medicare)
Banner Gateway Medical Center,Gilbert,AZ,Voluntary non-profit,4,27447,Total Knee Replacement,Medicaid/AHCCCS,14019.94,4038.51,1216.93,1600,0.76,Government,1: Low (<1.5x Medicare)
Banner Gateway Medical Center,Gilbert,AZ,Voluntary non-profit,4,27447,Total Knee Replacement,Cash/Self-Pay,14019.94,4038.51,4038.51,1600,2.52,Cash,3: High (2.5-3.5x Medicare)
Banner Gateway Medical Center,Gilbert,AZ,Voluntary non-profit,4,27130,Total Hip Replacement,Blue Cross Blue Shield of Arizona,14775.91,3271.46,3894.3,1545,2.52,Commercial,3: High (2.5-3.5x Medicare)
Banner Gateway Medical Center,Gilbert,AZ,Voluntary non-profit,4,27130,Total Hip Replacement,Aetna,14775.91,3271.46,4545.74,1545,2.94,Commercial,3: High (2.5-3.5x Medicare)
Banner Gateway Medical Center,Gilbert,AZ,Voluntary non-profit,4,27130,Total Hip Replacement,UnitedHealthcare,14775.91,3271.46,3144.07,1545,2.03,Commercial,2: Mid (1.5-2.5x Medicare)
Banner Gateway Medical Center,Gilbert,AZ,Voluntary non-profit,4,27130,Total Hip Replacement,Cigna,14775.91,3271.46,4367.32,1545,2.83,Commercial,3: High (2.5-3.5x Medicare)
Banner Gateway Medical Center,Gilbert,AZ,Voluntary non-profit,4,27130,Total Hip Replacement,Humana,14775.91,3271.46,3806.86,1545,2.46,Commercial,2: Mid (1.5-2.5x Medicare)
Banner Gateway Medical Center,Gilbert,AZ,Voluntary non-profit,4,27130,Total Hip Replacement,Medicare,14775.91,3271.46,1577.09,1545,1.02,Government,1: Low (<1.5x Medicare)
Banner Gateway Medical Center,Gilbert,AZ,Voluntary non-profit,4,27130,Total Hip Replacement,Medicaid/AHCCCS,14775.91,3271.46,1100.72,1545,0.71,Government,1: Low (<1.5x Medicare)
Banner Gateway Medical Center,Gilbert,AZ,Voluntary non-profit,4,27130,Total Hip Replacement,Cash/Self-Pay,14775.91,3271.46,3271.46,1545,2.12,Cash,2: Mid (1.5-2.5x Medicare)
Banner Gateway Medical Center,Gilbert,AZ,Voluntary non-profit,4,43239,Upper GI Endoscopy,Blue Cross Blue Shield of Arizona,6570.51,1063.35,1848.36,612,3.02,Commercial,3: High (2.5-3.5x Medicare)
Banner Gateway Medical Center,Gilbert,AZ,Voluntary non-profit,4,43239,Upper GI Endoscopy,Aetna,6570.51,1063.35,1723.11,612,2.82,Commercial,3: High (2.5-3.5x Medicare)
Banner Gateway Medical Center,Gilbert,AZ,Voluntary non-profit,4,43239,Upper GI Endoscopy,UnitedHealthcare,6570.51,1063.35,1133.84,612,1.85,Commercial,2: Mid (1.5-2.5x Medicare)
Banner Gateway Medical Center,Gilbert,AZ,Voluntary non-profit,4,43239,Upper GI Endoscopy,Cigna,6570.51,1063.35,1855.02,612,3.03,Commercial,3: High (2.5-3.5x Medicare)
Banner Gateway Medical Center,Gilbert,AZ,Voluntary non-profit,4,43239,Upper GI Endoscopy,Humana,6570.51,1063.35,1685.49,612,2.75,Commercial,3: High (2.5-3.5x Medicare)
Banner Gateway Medical Center,Gilbert,AZ,Voluntary non-profit,4,43239,Upper GI Endoscopy,Medicare,6570.51,1063.35,616.26,612,1.01,Government,1: Low (<1.5x Medicare)
Banner Gateway Medical Center,Gilbert,AZ,Voluntary non-profit,4,43239,Upper GI Endoscopy,Medicaid/AHCCCS,6570.51,1063.35,460.17,612,0.75,Government,1: Low (<1.5x Medicare)
Banner Gateway Medical Center,Gilbert,AZ,Voluntary non-profit,4,43239,Upper GI Endoscopy,Cash/Self-Pay,6570.51,1063.35,1063.35,612,1.74,Cash,2: Mid (1.5-2.5x Medicare)
Banner Gateway Medical Center,Gilbert,AZ,Voluntary non-profit,4,45378,Colonoscopy,Blue Cross Blue Shield of Arizona,7329.81,1351.65,1129.14,492,2.3,Commercial,2: Mid (1.5-2.5x Medicare)
Banner Gateway Medical Center,Gilbert,AZ,Voluntary non-profit,4,45378,Colonoscopy,Aetna,7329.81,1351.65,1550.86,492,3.15,Commercial,3: High (2.5-3.5x Medicare)
Banner Gateway Medical Center,Gilbert,AZ,Voluntary non-profit,4,45378,Colonoscopy,UnitedHealthcare,7329.81,1351.65,1031.63,492,2.1,Commercial,2: Mid (1.5-2.5x Medicare)
Banner Gateway Medical Center,Gilbert,AZ,Voluntary non-profit,4,45378,Colonoscopy,Cigna,7329.81,1351.65,991.74,492,2.02,Commercial,2: Mid (1.5-2.5x Medicare)
Banner Gateway Medical Center,Gilbert,AZ,Voluntary non-profit,4,45378,Colonoscopy,Humana,7329.81,1351.65,1124.71,492,2.29,Commercial,2: Mid (1.5-2.5x Medicare)
Banner Gateway Medical Center,Gilbert,AZ,Voluntary non-profit,4,45378,Colonoscopy,Medicare,7329.81,1351.65,503.26,492,1.02,Government,1: Low (<1.5x Medicare)
Banner Gateway Medical Center,Gilbert,AZ,Voluntary non-profit,4,45378,Colonoscopy,Medicaid/AHCCCS,7329.81,1351.65,353.79,492,0.72,Government,1: Low (<1.5x Medicare)
Banner Gateway Medical Center,Gilbert,AZ,Voluntary non-profit,4,45378,Colonoscopy,Cash/Self-Pay,7329.81,1351.65,1351.65,492,2.75,Cash,3: High (2.5-3.5x Medicare)
Banner Gateway Medical Center,Gilbert,AZ,Voluntary non-profit,4,59510,Cesarean Section,Blue Cross Blue Shield of Arizona,31035.56,3725.96,5932.83,2100,2.83,Commercial,3: High (2.5-3.5x Medicare)
Banner Gateway Medical Center,Gilbert,AZ,Voluntary non-profit,4,59510,Cesarean Section,Aetna,31035.56,3725.96,4313.18,2100,2.05,Commercial,2: Mid (1.5-2.5x Medicare)
Banner Gateway Medical Center,Gilbert,AZ,Voluntary non-profit,4,59510,Cesarean Section,UnitedHealthcare,31035.56,3725.96,5234.35,2100,2.49,Commercial,2: Mid (1.5-2.5x Medicare)
Banner Gateway Medical Center,Gilbert,AZ,Voluntary non-profit,4,59510,Cesarean Section,Cigna,31035.56,3725.96,4856.29,2100,2.31,Commercial,2: Mid (1.5-2.5x Medicare)
Banner Gateway Medical Center,Gilbert,AZ,Voluntary non-profit,4,59510,Cesarean Section,Humana,31035.56,3725.96,4080.77,2100,1.94,Commercial,2: Mid (1.5-2.5x Medicare)
Banner Gateway Medical Center,Gilbert,AZ,Voluntary non-profit,4,59510,Cesarean Section,Medicare,31035.56,3725.96,2177.02,2100,1.04,Government,1: Low (<1.5x Medicare)
Banner Gateway Medical Center,Gilbert,AZ,Voluntary non-profit,4,59510,Cesarean Section,Medicaid/AHCCCS,31035.56,3725.96,1588.64,2100,0.76,Government,1: Low (<1.5x Medicare)
Banner Gateway Medical Center,Gilbert,AZ,Voluntary non-profit,4,59510,Cesarean Section,Cash/Self-Pay,31035.56,3725.96,3725.96,2100,1.77,Cash,2: Mid (1.5-2.5x Medicare)
Chandler Regional Medical Center,Chandler,AZ,Voluntary non-profit,4,70553,MRI Brain with Contrast,Blue Cross Blue Shield of Arizona,9026.75,1316.96,1317.54,446,2.95,Commercial,3: High (2.5-3.5x Medicare)
Chandler Regional Medical Center,Chandler,AZ,Voluntary non-profit,4,70553,MRI Brain with Contrast,Aetna,9026.75,1316.96,1369.7,446,3.07,Commercial,3: High (2.5-3.5x Medicare)
Chandler Regional Medical Center,Chandler,AZ,Voluntary non-profit,4,70553,MRI Brain with Contrast,UnitedHealthcare,9026.75,1316.96,902.42,446,2.02,Commercial,2: Mid (1.5-2.5x Medicare)
Chandler Regional Medical Center,Chandler,AZ,Voluntary non-profit,4,70553,MRI Brain with Contrast,Cigna,9026.75,1316.96,1185.91,446,2.66,Commercial,3: High (2.5-3.5x Medicare)
Chandler Regional Medical Center,Chandler,AZ,Voluntary non-profit,4,70553,MRI Brain with Contrast,Humana,9026.75,1316.96,1197.77,446,2.69,Commercial,3: High (2.5-3.5x Medicare)
Chandler Regional Medical Center,Chandler,AZ,Voluntary non-profit,4,70553,MRI Brain with Contrast,Medicare,9026.75,1316.96,462.76,446,1.04,Government,1: Low (<1.5x Medicare)
Chandler Regional Medical Center,Chandler,AZ,Voluntary non-profit,4,70553,MRI Brain with Contrast,Medicaid/AHCCCS,9026.75,1316.96,360.29,446,0.81,Government,1: Low (<1.5x Medicare)
Chandler Regional Medical Center,Chandler,AZ,Voluntary non-profit,4,70553,MRI Brain with Contrast,Cash/Self-Pay,9026.75,1316.96,1316.96,446,2.95,Cash,3: High (2.5-3.5x Medicare)
Chandler Regional Medical Center,Chandler,AZ,Voluntary non-profit,4,71250,CT Chest,Blue Cross Blue Shield of Arizona,4716.0,913.98,701.64,312,2.25,Commercial,2: Mid (1.5-2.5x Medicare)
Chandler Regional Medical Center,Chandler,AZ,Voluntary non-profit,4,71250,CT Chest,Aetna,4716.0,913.98,988.32,312,3.17,Commercial,3: High (2.5-3.5x Medicare)
Chandler Regional Medical Center,Chandler,AZ,Voluntary non-profit,4,71250,CT Chest,UnitedHealthcare,4716.0,913.98,923.59,312,2.96,Commercial,3: High (2.5-3.5x Medicare)
Chandler Regional Medical Center,Chandler,AZ,Voluntary non-profit,4,71250,CT Chest,Cigna,4716.0,913.98,755.94,312,2.42,Commercial,2: Mid (1.5-2.5x Medicare)
Chandler Regional Medical Center,Chandler,AZ,Voluntary non-profit,4,71250,CT Chest,Humana,4716.0,913.98,961.53,312,3.08,Commercial,3: High (2.5-3.5x Medicare)
Chandler Regional Medical Center,Chandler,AZ,Voluntary non-profit,4,71250,CT Chest,Medicare,4716.0,913.98,308.67,312,0.99,Government,1: Low (<1.5x Medicare)
Chandler Regional Medical Center,Chandler,AZ,Voluntary non-profit,4,71250,CT Chest,Medicaid/AHCCCS,4716.0,913.98,255.26,312,0.82,Government,1: Low (<1.5x Medicare)
Chandler Regional Medical Center,Chandler,AZ,Voluntary non-profit,4,71250,CT Chest,Cash/Self-Pay,4716.0,913.98,913.98,312,2.93,Cash,3: High (2.5-3.5x Medicare)
Chandler Regional Medical Center,Chandler,AZ,Voluntary non-profit,4,74177,CT Abdomen & Pelvis,Blue Cross Blue Shield of Arizona,8402.09,862.29,1131.15,389,2.91,Commercial,3: High (2.5-3.5x Medicare)
Chandler Regional Medical Center,Chandler,AZ,Voluntary non-profit,4,74177,CT Abdomen & Pelvis,Aetna,8402.09,862.29,901.85,389,2.32,Commercial,2: Mid (1.5-2.5x Medicare)
Chandler Regional Medical Center,Chandler,AZ,Voluntary non-profit,4,74177,CT Abdomen & Pelvis,UnitedHealthcare,8402.09,862.29,937.75,389,2.41,Commercial,2: Mid (1.5-2.5x Medicare)
Chandler Regional Medical Center,Chandler,AZ,Voluntary non-profit,4,74177,CT Abdomen & Pelvis,Cigna,8402.09,862.29,1243.75,389,3.2,Commercial,3: High (2.5-3.5x Medicare)
Chandler Regional Medical Center,Chandler,AZ,Voluntary non-profit,4,74177,CT Abdomen & Pelvis,Humana,8402.09,862.29,900.31,389,2.31,Commercial,2: Mid (1.5-2.5x Medicare)
Chandler Regional Medical Center,Chandler,AZ,Voluntary non-profit,4,74177,CT Abdomen & Pelvis,Medicare,8402.09,862.29,407.61,389,1.05,Government,1: Low (<1.5x Medicare)
Chandler Regional Medical Center,Chandler,AZ,Voluntary non-profit,4,74177,CT Abdomen & Pelvis,Medicaid/AHCCCS,8402.09,862.29,338.94,389,0.87,Government,1: Low (<1.5x Medicare)
Chandler Regional Medical Center,Chandler,AZ,Voluntary non-profit,4,74177,CT Abdomen & Pelvis,Cash/Self-Pay,8402.09,862.29,862.29,389,2.22,Cash,2: Mid (1.5-2.5x Medicare)
Chandler Regional Medical Center,Chandler,AZ,Voluntary non-profit,4,93000,Electrocardiogram (ECG),Blue Cross Blue Shield of Arizona,624.04,99.39,82.06,28,2.93,Commercial,3: High (2.5-3.5x Medicare)
Chandler Regional Medical Center,Chandler,AZ,Voluntary non-profit,4,93000,Electrocardiogram (ECG),Aetna,624.04,99.39,68.91,28,2.46,Commercial,2: Mid (1.5-2.5x Medicare)
Chandler Regional Medical Center,Chandler,AZ,Voluntary non-profit,4,93000,Electrocardiogram (ECG),UnitedHealthcare,624.04,99.39,58.3,28,2.08,Commercial,2: Mid (1.5-2.5x Medicare)
Chandler Regional Medical Center,Chandler,AZ,Voluntary non-profit,4,93000,Electrocardiogram (ECG),Cigna,624.04,99.39,82.15,28,2.93,Commercial,3: High (2.5-3.5x Medicare)
Chandler Regional Medical Center,Chandler,AZ,Voluntary non-profit,4,93000,Electrocardiogram (ECG),Humana,624.04,99.39,82.27,28,2.94,Commercial,3: High (2.5-3.5x Medicare)
Chandler Regional Medical Center,Chandler,AZ,Voluntary non-profit,4,93000,Electrocardiogram (ECG),Medicare,624.04,99.39,27.47,28,0.98,Government,1: Low (<1.5x Medicare)
Chandler Regional Medical Center,Chandler,AZ,Voluntary non-profit,4,93000,Electrocardiogram (ECG),Medicaid/AHCCCS,624.04,99.39,21.22,28,0.76,Government,1: Low (<1.5x Medicare)
Chandler Regional Medical Center,Chandler,AZ,Voluntary non-profit,4,93000,Electrocardiogram (ECG),Cash/Self-Pay,624.04,99.39,99.39,28,3.55,Cash,4: Very High (>3.5x Medicare)
Chandler Regional Medical Center,Chandler,AZ,Voluntary non-profit,4,85025,Complete Blood Count (CBC),Blue Cross Blue Shield of Arizona,277.23,37.82,35.59,11,3.24,Commercial,3: High (2.5-3.5x Medicare)
Chandler Regional Medical Center,Chandler,AZ,Voluntary non-profit,4,85025,Complete Blood Count (CBC),Aetna,277.23,37.82,30.9,11,2.81,Commercial,3: High (2.5-3.5x Medicare)
Chandler Regional Medical Center,Chandler,AZ,Voluntary non-profit,4,85025,Complete Blood Count (CBC),UnitedHealthcare,277.23,37.82,24.21,11,2.2,Commercial,2: Mid (1.5-2.5x Medicare)
Chandler Regional Medical Center,Chandler,AZ,Voluntary non-profit,4,85025,Complete Blood Count (CBC),Cigna,277.23,37.82,31.8,11,2.89,Commercial,3: High (2.5-3.5x Medicare)
Chandler Regional Medical Center,Chandler,AZ,Voluntary non-profit,4,85025,Complete Blood Count (CBC),Humana,277.23,37.82,29.25,11,2.66,Commercial,3: High (2.5-3.5x Medicare)
Chandler Regional Medical Center,Chandler,AZ,Voluntary non-profit,4,85025,Complete Blood Count (CBC),Medicare,277.23,37.82,10.91,11,0.99,Government,1: Low (<1.5x Medicare)
Chandler Regional Medical Center,Chandler,AZ,Voluntary non-profit,4,85025,Complete Blood Count (CBC),Medicaid/AHCCCS,277.23,37.82,9.35,11,0.85,Government,1: Low (<1.5x Medicare)
Chandler Regional Medical Center,Chandler,AZ,Voluntary non-profit,4,85025,Complete Blood Count (CBC),Cash/Self-Pay,277.23,37.82,37.82,11,3.44,Cash,3: High (2.5-3.5x Medicare)
Chandler Regional Medical Center,Chandler,AZ,Voluntary non-profit,4,80053,Comprehensive Metabolic Panel,Blue Cross Blue Shield of Arizona,168.19,36.77,35.83,14,2.56,Commercial,3: High (2.5-3.5x Medicare)
Chandler Regional Medical Center,Chandler,AZ,Voluntary non-profit,4,80053,Comprehensive Metabolic Panel,Aetna,168.19,36.77,29.9,14,2.14,Commercial,2: Mid (1.5-2.5x Medicare)
Chandler Regional Medical Center,Chandler,AZ,Voluntary non-profit,4,80053,Comprehensive Metabolic Panel,UnitedHealthcare,168.19,36.77,29.64,14,2.12,Commercial,2: Mid (1.5-2.5x Medicare)
Chandler Regional Medical Center,Chandler,AZ,Voluntary non-profit,4,80053,Comprehensive Metabolic Panel,Cigna,168.19,36.77,38.99,14,2.78,Commercial,3: High (2.5-3.5x Medicare)
Chandler Regional Medical Center,Chandler,AZ,Voluntary non-profit,4,80053,Comprehensive Metabolic Panel,Humana,168.19,36.77,37.08,14,2.65,Commercial,3: High (2.5-3.5x Medicare)
Chandler Regional Medical Center,Chandler,AZ,Voluntary non-profit,4,80053,Comprehensive Metabolic Panel,Medicare,168.19,36.77,13.67,14,0.98,Government,1: Low (<1.5x Medicare)
Chandler Regional Medical Center,Chandler,AZ,Voluntary non-profit,4,80053,Comprehensive Metabolic Panel,Medicaid/AHCCCS,168.19,36.77,9.84,14,0.7,Government,1: Low (<1.5x Medicare)
Chandler Regional Medical Center,Chandler,AZ,Voluntary non-profit,4,80053,Comprehensive Metabolic Panel,Cash/Self-Pay,168.19,36.77,36.77,14,2.63,Cash,3: High (2.5-3.5x Medicare)
Chandler Regional Medical Center,Chandler,AZ,Voluntary non-profit,4,36415,Blood Draw,Blue Cross Blue Shield of Arizona,80.42,7.71,9.24,3,3.08,Commercial,3: High (2.5-3.5x Medicare)
Chandler Regional Medical Center,Chandler,AZ,Voluntary non-profit,4,36415,Blood Draw,Aetna,80.42,7.71,9.41,3,3.14,Commercial,3: High (2.5-3.5x Medicare)
Chandler Regional Medical Center,Chandler,AZ,Voluntary non-profit,4,36415,Blood Draw,UnitedHealthcare,80.42,7.71,7.52,3,2.51,Commercial,3: High (2.5-3.5x Medicare)
Chandler Regional Medical Center,Chandler,AZ,Voluntary non-profit,4,36415,Blood Draw,Cigna,80.42,7.71,7.76,3,2.59,Commercial,3: High (2.5-3.5x Medicare)
Chandler Regional Medical Center,Chandler,AZ,Voluntary non-profit,4,36415,Blood Draw,Humana,80.42,7.71,6.07,3,2.02,Commercial,2: Mid (1.5-2.5x Medicare)
Chandler Regional Medical Center,Chandler,AZ,Voluntary non-profit,4,36415,Blood Draw,Medicare,80.42,7.71,2.98,3,0.99,Government,1: Low (<1.5x Medicare)
Chandler Regional Medical Center,Chandler,AZ,Voluntary non-profit,4,36415,Blood Draw,Medicaid/AHCCCS,80.42,7.71,2.16,3,0.72,Government,1: Low (<1.5x Medicare)
Chandler Regional Medical Center,Chandler,AZ,Voluntary non-profit,4,36415,Blood Draw,Cash/Self-Pay,80.42,7.71,7.71,3,2.57,Cash,3: High (2.5-3.5x Medicare)
Chandler Regional Medical Center,Chandler,AZ,Voluntary non-profit,4,99213,Office Visit (Established Patient),Blue Cross Blue Shield of Arizona,2656.01,452.55,317.89,115,2.76,Commercial,3: High (2.5-3.5x Medicare)
Chandler Regional Medical Center,Chandler,AZ,Voluntary non-profit,4,99213,Office Visit (Established Patient),Aetna,2656.01,452.55,318.0,115,2.77,Commercial,3: High (2.5-3.5x Medicare)
Chandler Regional Medical Center,Chandler,AZ,Voluntary non-profit,4,99213,Office Visit (Established Patient),UnitedHealthcare,2656.01,452.55,208.9,115,1.82,Commercial,2: Mid (1.5-2.5x Medicare)
Chandler Regional Medical Center,Chandler,AZ,Voluntary non-profit,4,99213,Office Visit (Established Patient),Cigna,2656.01,452.55,339.54,115,2.95,Commercial,3: High (2.5-3.5x Medicare)
Chandler Regional Medical Center,Chandler,AZ,Voluntary non-profit,4,99213,Office Visit (Established Patient),Humana,2656.01,452.55,332.07,115,2.89,Commercial,3: High (2.5-3.5x Medicare)
Chandler Regional Medical Center,Chandler,AZ,Voluntary non-profit,4,99213,Office Visit (Established Patient),Medicare,2656.01,452.55,115.51,115,1.0,Government,1: Low (<1.5x Medicare)
Chandler Regional Medical Center,Chandler,AZ,Voluntary non-profit,4,99213,Office Visit (Established Patient),Medicaid/AHCCCS,2656.01,452.55,85.11,115,0.74,Government,1: Low (<1.5x Medicare)
Chandler Regional Medical Center,Chandler,AZ,Voluntary non-profit,4,99213,Office Visit (Established Patient),Cash/Self-Pay,2656.01,452.55,452.55,115,3.94,Cash,4: Very High (>3.5x Medicare)
Chandler Regional Medical Center,Chandler,AZ,Voluntary non-profit,4,99283,Emergency Dept Visit (Moderate),Blue Cross Blue Shield of Arizona,3876.54,666.32,587.63,186,3.16,Commercial,3: High (2.5-3.5x Medicare)
Chandler Regional Medical Center,Chandler,AZ,Voluntary non-profit,4,99283,Emergency Dept Visit (Moderate),Aetna,3876.54,666.32,432.01,186,2.32,Commercial,2: Mid (1.5-2.5x Medicare)
Chandler Regional Medical Center,Chandler,AZ,Voluntary non-profit,4,99283,Emergency Dept Visit (Moderate),UnitedHealthcare,3876.54,666.32,390.24,186,2.1,Commercial,2: Mid (1.5-2.5x Medicare)
Chandler Regional Medical Center,Chandler,AZ,Voluntary non-profit,4,99283,Emergency Dept Visit (Moderate),Cigna,3876.54,666.32,571.42,186,3.07,Commercial,3: High (2.5-3.5x Medicare)
Chandler Regional Medical Center,Chandler,AZ,Voluntary non-profit,4,99283,Emergency Dept Visit (Moderate),Humana,3876.54,666.32,463.01,186,2.49,Commercial,2: Mid (1.5-2.5x Medicare)
Chandler Regional Medical Center,Chandler,AZ,Voluntary non-profit,4,99283,Emergency Dept Visit (Moderate),Medicare,3876.54,666.32,178.66,186,0.96,Government,1: Low (<1.5x Medicare)
Chandler Regional Medical Center,Chandler,AZ,Voluntary non-profit,4,99283,Emergency Dept Visit (Moderate),Medicaid/AHCCCS,3876.54,666.32,158.64,186,0.85,Government,1: Low (<1.5x Medicare)
Chandler Regional Medical Center,Chandler,AZ,Voluntary non-profit,4,99283,Emergency Dept Visit (Moderate),Cash/Self-Pay,3876.54,666.32,666.32,186,3.58,Cash,4: Very High (>3.5x Medicare)
Chandler Regional Medical Center,Chandler,AZ,Voluntary non-profit,4,27447,Total Knee Replacement,Blue Cross Blue Shield of Arizona,27670.55,5443.31,4061.29,1600,2.54,Commercial,3: High (2.5-3.5x Medicare)
Chandler Regional Medical Center,Chandler,AZ,Voluntary non-profit,4,27447,Total Knee Replacement,Aetna,27670.55,5443.31,4763.12,1600,2.98,Commercial,3: High (2.5-3.5x Medicare)
Chandler Regional Medical Center,Chandler,AZ,Voluntary non-profit,4,27447,Total Knee Replacement,UnitedHealthcare,27670.55,5443.31,3908.26,1600,2.44,Commercial,2: Mid (1.5-2.5x Medicare)
Chandler Regional Medical Center,Chandler,AZ,Voluntary non-profit,4,27447,Total Knee Replacement,Cigna,27670.55,5443.31,5181.86,1600,3.24,Commercial,3: High (2.5-3.5x Medicare)
Chandler Regional Medical Center,Chandler,AZ,Voluntary non-profit,4,27447,Total Knee Replacement,Humana,27670.55,5443.31,3794.04,1600,2.37,Commercial,2: Mid (1.5-2.5x Medicare)
Chandler Regional Medical Center,Chandler,AZ,Voluntary non-profit,4,27447,Total Knee Replacement,Medicare,27670.55,5443.31,1600.5,1600,1.0,Government,1: Low (<1.5x Medicare)
Chandler Regional Medical Center,Chandler,AZ,Voluntary non-profit,4,27447,Total Knee Replacement,Medicaid/AHCCCS,27670.55,5443.31,1182.04,1600,0.74,Government,1: Low (<1.5x Medicare)
Chandler Regional Medical Center,Chandler,AZ,Voluntary non-profit,4,27447,Total Knee Replacement,Cash/Self-Pay,27670.55,5443.31,5443.31,1600,3.4,Cash,3: High (2.5-3.5x Medicare)
Chandler Regional Medical Center,Chandler,AZ,Voluntary non-profit,4,27130,Total Hip Replacement,Blue Cross Blue Shield of Arizona,38605.32,5325.32,5081.94,1545,3.29,Commercial,3: High (2.5-3.5x Medicare)
Chandler Regional Medical Center,Chandler,AZ,Voluntary non-profit,4,27130,Total Hip Replacement,Aetna,38605.32,5325.32,3422.34,1545,2.22,Commercial,2: Mid (1.5-2.5x Medicare)
Chandler Regional Medical Center,Chandler,AZ,Voluntary non-profit,4,27130,Total Hip Replacement,UnitedHealthcare,38605.32,5325.32,4138.87,1545,2.68,Commercial,3: High (2.5-3.5x Medicare)
Chandler Regional Medical Center,Chandler,AZ,Voluntary non-profit,4,27130,Total Hip Replacement,Cigna,38605.32,5325.32,3575.13,1545,2.31,Commercial,2: Mid (1.5-2.5x Medicare)
Chandler Regional Medical Center,Chandler,AZ,Voluntary non-profit,4,27130,Total Hip Replacement,Humana,38605.32,5325.32,3042.54,1545,1.97,Commercial,2: Mid (1.5-2.5x Medicare)
Chandler Regional Medical Center,Chandler,AZ,Voluntary non-profit,4,27130,Total Hip Replacement,Medicare,38605.32,5325.32,1503.93,1545,0.97,Government,1: Low (<1.5x Medicare)
Chandler Regional Medical Center,Chandler,AZ,Voluntary non-profit,4,27130,Total Hip Replacement,Medicaid/AHCCCS,38605.32,5325.32,1149.34,1545,0.74,Government,1: Low (<1.5x Medicare)
Chandler Regional Medical Center,Chandler,AZ,Voluntary non-profit,4,27130,Total Hip Replacement,Cash/Self-Pay,38605.32,5325.32,5325.32,1545,3.45,Cash,3: High (2.5-3.5x Medicare)
Chandler Regional Medical Center,Chandler,AZ,Voluntary non-profit,4,43239,Upper GI Endoscopy,Blue Cross Blue Shield of Arizona,16351.43,2033.17,1789.45,612,2.92,Commercial,3: High (2.5-3.5x Medicare)
Chandler Regional Medical Center,Chandler,AZ,Voluntary non-profit,4,43239,Upper GI Endoscopy,Aetna,16351.43,2033.17,1591.28,612,2.6,Commercial,3: High (2.5-3.5x Medicare)
Chandler Regional Medical Center,Chandler,AZ,Voluntary non-profit,4,43239,Upper GI Endoscopy,UnitedHealthcare,16351.43,2033.17,1187.67,612,1.94,Commercial,2: Mid (1.5-2.5x Medicare)
Chandler Regional Medical Center,Chandler,AZ,Voluntary non-profit,4,43239,Upper GI Endoscopy,Cigna,16351.43,2033.17,1386.55,612,2.27,Commercial,2: Mid (1.5-2.5x Medicare)
Chandler Regional Medical Center,Chandler,AZ,Voluntary non-profit,4,43239,Upper GI Endoscopy,Humana,16351.43,2033.17,1574.56,612,2.57,Commercial,3: High (2.5-3.5x Medicare)
Chandler Regional Medical Center,Chandler,AZ,Voluntary non-profit,4,43239,Upper GI Endoscopy,Medicare,16351.43,2033.17,623.54,612,1.02,Government,1: Low (<1.5x Medicare)
Chandler Regional Medical Center,Chandler,AZ,Voluntary non-profit,4,43239,Upper GI Endoscopy,Medicaid/AHCCCS,16351.43,2033.17,459.4,612,0.75,Government,1: Low (<1.5x Medicare)
Chandler Regional Medical Center,Chandler,AZ,Voluntary non-profit,4,43239,Upper GI Endoscopy,Cash/Self-Pay,16351.43,2033.17,2033.17,612,3.32,Cash,3: High (2.5-3.5x Medicare)
Chandler Regional Medical Center,Chandler,AZ,Voluntary non-profit,4,45378,Colonoscopy,Blue Cross Blue Shield of Arizona,5140.41,1742.86,1425.01,492,2.9,Commercial,3: High (2.5-3.5x Medicare)
Chandler Regional Medical Center,Chandler,AZ,Voluntary non-profit,4,45378,Colonoscopy,Aetna,5140.41,1742.86,1250.44,492,2.54,Commercial,3: High (2.5-3.5x Medicare)
Chandler Regional Medical Center,Chandler,AZ,Voluntary non-profit,4,45378,Colonoscopy,UnitedHealthcare,5140.41,1742.86,1360.01,492,2.76,Commercial,3: High (2.5-3.5x Medicare)
Chandler Regional Medical Center,Chandler,AZ,Voluntary non-profit,4,45378,Colonoscopy,Cigna,5140.41,1742.86,1603.17,492,3.26,Commercial,3: High (2.5-3.5x Medicare)
Chandler Regional Medical Center,Chandler,AZ,Voluntary non-profit,4,45378,Colonoscopy,Humana,5140.41,1742.86,1523.54,492,3.1,Commercial,3: High (2.5-3.5x Medicare)
Chandler Regional Medical Center,Chandler,AZ,Voluntary non-profit,4,45378,Colonoscopy,Medicare,5140.41,1742.86,483.2,492,0.98,Government,1: Low (<1.5x Medicare)
Chandler Regional Medical Center,Chandler,AZ,Voluntary non-profit,4,45378,Colonoscopy,Medicaid/AHCCCS,5140.41,1742.86,366.06,492,0.74,Government,1: Low (<1.5x Medicare)
Chandler Regional Medical Center,Chandler,AZ,Voluntary non-profit,4,45378,Colonoscopy,Cash/Self-Pay,5140.41,1742.86,1742.86,492,3.54,Cash,4: Very High (>3.5x Medicare)
Chandler Regional Medical Center,Chandler,AZ,Voluntary non-profit,4,59510,Cesarean Section,Blue Cross Blue Shield of Arizona,34189.97,5924.36,4807.59,2100,2.29,Commercial,2: Mid (1.5-2.5x Medicare)
Chandler Regional Medical Center,Chandler,AZ,Voluntary non-profit,4,59510,Cesarean Section,Aetna,34189.97,5924.36,4748.52,2100,2.26,Commercial,2: Mid (1.5-2.5x Medicare)
Chandler Regional Medical Center,Chandler,AZ,Voluntary non-profit,4,59510,Cesarean Section,UnitedHealthcare,34189.97,5924.36,3947.49,2100,1.88,Commercial,2: Mid (1.5-2.5x Medicare)
Chandler Regional Medical Center,Chandler,AZ,Voluntary non-profit,4,59510,Cesarean Section,Cigna,34189.97,5924.36,4583.09,2100,2.18,Commercial,2: Mid (1.5-2.5x Medicare)
Chandler Regional Medical Center,Chandler,AZ,Voluntary non-profit,4,59510,Cesarean Section,Humana,34189.97,5924.36,5879.94,2100,2.8,Commercial,3: High (2.5-3.5x Medicare)
Chandler Regional Medical Center,Chandler,AZ,Voluntary non-profit,4,59510,Cesarean Section,Medicare,34189.97,5924.36,2154.33,2100,1.03,Government,1: Low (<1.5x Medicare)
Chandler Regional Medical Center,Chandler,AZ,Voluntary non-profit,4,59510,Cesarean Section,Medicaid/AHCCCS,34189.97,5924.36,1720.81,2100,0.82,Government,1: Low (<1.5x Medicare)
Chandler Regional Medical Center,Chandler,AZ,Voluntary non-profit,4,59510,Cesarean Section,Cash/Self-Pay,34189.97,5924.36,5924.36,2100,2.82,Cash,3: High (2.5-3.5x Medicare)
Abrazo Arrowhead Campus,Glendale,AZ,Proprietary,3,70553,MRI Brain with Contrast,Blue Cross Blue Shield of Arizona,12990.88,1652.79,1347.86,446,3.02,Commercial,3: High (2.5-3.5x Medicare)
Abrazo Arrowhead Campus,Glendale,AZ,Proprietary,3,70553,MRI Brain with Contrast,Aetna,12990.88,1652.79,1021.25,446,2.29,Commercial,2: Mid (1.5-2.5x Medicare)
Abrazo Arrowhead Campus,Glendale,AZ,Proprietary,3,70553,MRI Brain with Contrast,UnitedHealthcare,12990.88,1652.79,1175.38,446,2.64,Commercial,3: High (2.5-3.5x Medicare)
Abrazo Arrowhead Campus,Glendale,AZ,Proprietary,3,70553,MRI Brain with Contrast,Cigna,12990.88,1652.79,1045.1,446,2.34,Commercial,2: Mid (1.5-2.5x Medicare)
Abrazo Arrowhead Campus,Glendale,AZ,Proprietary,3,70553,MRI Brain with Contrast,Humana,12990.88,1652.79,964.46,446,2.16,Commercial,2: Mid (1.5-2.5x Medicare)
Abrazo Arrowhead Campus,Glendale,AZ,Proprietary,3,70553,MRI Brain with Contrast,Medicare,12990.88,1652.79,435.5,446,0.98,Government,1: Low (<1.5x Medicare)
Abrazo Arrowhead Campus,Glendale,AZ,Proprietary,3,70553,MRI Brain with Contrast,Medicaid/AHCCCS,12990.88,1652.79,371.25,446,0.83,Government,1: Low (<1.5x Medicare)
Abrazo Arrowhead Campus,Glendale,AZ,Proprietary,3,70553,MRI Brain with Contrast,Cash/Self-Pay,12990.88,1652.79,1652.79,446,3.71,Cash,4: Very High (>3.5x Medicare)
Abrazo Arrowhead Campus,Glendale,AZ,Proprietary,3,71250,CT Chest,Blue Cross Blue Shield of Arizona,8635.04,1302.1,995.0,312,3.19,Commercial,3: High (2.5-3.5x Medicare)
Abrazo Arrowhead Campus,Glendale,AZ,Proprietary,3,71250,CT Chest,Aetna,8635.04,1302.1,721.19,312,2.31,Commercial,2: Mid (1.5-2.5x Medicare)
Abrazo Arrowhead Campus,Glendale,AZ,Proprietary,3,71250,CT Chest,UnitedHealthcare,8635.04,1302.1,682.54,312,2.19,Commercial,2: Mid (1.5-2.5x Medicare)
Abrazo Arrowhead Campus,Glendale,AZ,Proprietary,3,71250,CT Chest,Cigna,8635.04,1302.1,966.68,312,3.1,Commercial,3: High (2.5-3.5x Medicare)
Abrazo Arrowhead Campus,Glendale,AZ,Proprietary,3,71250,CT Chest,Humana,8635.04,1302.1,872.92,312,2.8,Commercial,3: High (2.5-3.5x Medicare)
Abrazo Arrowhead Campus,Glendale,AZ,Proprietary,3,71250,CT Chest,Medicare,8635.04,1302.1,323.17,312,1.04,Government,1: Low (<1.5x Medicare)
Abrazo Arrowhead Campus,Glendale,AZ,Proprietary,3,71250,CT Chest,Medicaid/AHCCCS,8635.04,1302.1,280.65,312,0.9,Government,1: Low (<1.5x Medicare)
Abrazo Arrowhead Campus,Glendale,AZ,Proprietary,3,71250,CT Chest,Cash/Self-Pay,8635.04,1302.1,1302.1,312,4.17,Cash,4: Very High (>3.5x Medicare)
Abrazo Arrowhead Campus,Glendale,AZ,Proprietary,3,74177,CT Abdomen & Pelvis,Blue Cross Blue Shield of Arizona,6402.85,949.91,1063.74,389,2.73,Commercial,3: High (2.5-3.5x Medicare)
Abrazo Arrowhead Campus,Glendale,AZ,Proprietary,3,74177,CT Abdomen & Pelvis,Aetna,6402.85,949.91,1083.45,389,2.79,Commercial,3: High (2.5-3.5x Medicare)
Abrazo Arrowhead Campus,Glendale,AZ,Proprietary,3,74177,CT Abdomen & Pelvis,UnitedHealthcare,6402.85,949.91,1090.97,389,2.8,Commercial,3: High (2.5-3.5x Medicare)
Abrazo Arrowhead Campus,Glendale,AZ,Proprietary,3,74177,CT Abdomen & Pelvis,Cigna,6402.85,949.91,1278.99,389,3.29,Commercial,3: High (2.5-3.5x Medicare)
Abrazo Arrowhead Campus,Glendale,AZ,Proprietary,3,74177,CT Abdomen & Pelvis,Humana,6402.85,949.91,1172.38,389,3.01,Commercial,3: High (2.5-3.5x Medicare)
Abrazo Arrowhead Campus,Glendale,AZ,Proprietary,3,74177,CT Abdomen & Pelvis,Medicare,6402.85,949.91,382.85,389,0.98,Government,1: Low (<1.5x Medicare)
Abrazo Arrowhead Campus,Glendale,AZ,Proprietary,3,74177,CT Abdomen & Pelvis,Medicaid/AHCCCS,6402.85,949.91,313.35,389,0.81,Government,1: Low (<1.5x Medicare)
Abrazo Arrowhead Campus,Glendale,AZ,Proprietary,3,74177,CT Abdomen & Pelvis,Cash/Self-Pay,6402.85,949.91,949.91,389,2.44,Cash,2: Mid (1.5-2.5x Medicare)
Abrazo Arrowhead Campus,Glendale,AZ,Proprietary,3,93000,Electrocardiogram (ECG),Blue Cross Blue Shield of Arizona,444.52,131.16,97.31,28,3.48,Commercial,3: High (2.5-3.5x Medicare)
Abrazo Arrowhead Campus,Glendale,AZ,Proprietary,3,93000,Electrocardiogram (ECG),Aetna,444.52,131.16,78.67,28,2.81,Commercial,3: High (2.5-3.5x Medicare)
Abrazo Arrowhead Campus,Glendale,AZ,Proprietary,3,93000,Electrocardiogram (ECG),UnitedHealthcare,444.52,131.16,73.82,28,2.64,Commercial,3: High (2.5-3.5x Medicare)
Abrazo Arrowhead Campus,Glendale,AZ,Proprietary,3,93000,Electrocardiogram (ECG),Cigna,444.52,131.16,81.67,28,2.92,Commercial,3: High (2.5-3.5x Medicare)
Abrazo Arrowhead Campus,Glendale,AZ,Proprietary,3,93000,Electrocardiogram (ECG),Humana,444.52,131.16,73.69,28,2.63,Commercial,3: High (2.5-3.5x Medicare)
Abrazo Arrowhead Campus,Glendale,AZ,Proprietary,3,93000,Electrocardiogram (ECG),Medicare,444.52,131.16,28.95,28,1.03,Government,1: Low (<1.5x Medicare)
Abrazo Arrowhead Campus,Glendale,AZ,Proprietary,3,93000,Electrocardiogram (ECG),Medicaid/AHCCCS,444.52,131.16,24.1,28,0.86,Government,1: Low (<1.5x Medicare)
Abrazo Arrowhead Campus,Glendale,AZ,Proprietary,3,93000,Electrocardiogram (ECG),Cash/Self-Pay,444.52,131.16,131.16,28,4.68,Cash,4: Very High (>3.5x Medicare)
Abrazo Arrowhead Campus,Glendale,AZ,Proprietary,3,85025,Complete Blood Count (CBC),Blue Cross Blue Shield of Arizona,335.85,39.66,31.19,11,2.84,Commercial,3: High (2.5-3.5x Medicare)
Abrazo Arrowhead Campus,Glendale,AZ,Proprietary,3,85025,Complete Blood Count (CBC),Aetna,335.85,39.66,29.83,11,2.71,Commercial,3: High (2.5-3.5x Medicare)
Abrazo Arrowhead Campus,Glendale,AZ,Proprietary,3,85025,Complete Blood Count (CBC),UnitedHealthcare,335.85,39.66,31.43,11,2.86,Commercial,3: High (2.5-3.5x Medicare)
Abrazo Arrowhead Campus,Glendale,AZ,Proprietary,3,85025,Complete Blood Count (CBC),Cigna,335.85,39.66,32.55,11,2.96,Commercial,3: High (2.5-3.5x Medicare)
Abrazo Arrowhead Campus,Glendale,AZ,Proprietary,3,85025,Complete Blood Count (CBC),Humana,335.85,39.66,33.75,11,3.07,Commercial,3: High (2.5-3.5x Medicare)
Abrazo Arrowhead Campus,Glendale,AZ,Proprietary,3,85025,Complete Blood Count (CBC),Medicare,335.85,39.66,11.38,11,1.03,Government,1: Low (<1.5x Medicare)
Abrazo Arrowhead Campus,Glendale,AZ,Proprietary,3,85025,Complete Blood Count (CBC),Medicaid/AHCCCS,335.85,39.66,7.84,11,0.71,Government,1: Low (<1.5x Medicare)
Abrazo Arrowhead Campus,Glendale,AZ,Proprietary,3,85025,Complete Blood Count (CBC),Cash/Self-Pay,335.85,39.66,39.66,11,3.61,Cash,4: Very High (>3.5x Medicare)
Abrazo Arrowhead Campus,Glendale,AZ,Proprietary,3,80053,Comprehensive Metabolic Panel,Blue Cross Blue Shield of Arizona,256.12,35.06,48.55,14,3.47,Commercial,3: High (2.5-3.5x Medicare)
Abrazo Arrowhead Campus,Glendale,AZ,Proprietary,3,80053,Comprehensive Metabolic Panel,Aetna,256.12,35.06,31.54,14,2.25,Commercial,2: Mid (1.5-2.5x Medicare)
Abrazo Arrowhead Campus,Glendale,AZ,Proprietary,3,80053,Comprehensive Metabolic Panel,UnitedHealthcare,256.12,35.06,41.55,14,2.97,Commercial,3: High (2.5-3.5x Medicare)
Abrazo Arrowhead Campus,Glendale,AZ,Proprietary,3,80053,Comprehensive Metabolic Panel,Cigna,256.12,35.06,33.45,14,2.39,Commercial,2: Mid (1.5-2.5x Medicare)
Abrazo Arrowhead Campus,Glendale,AZ,Proprietary,3,80053,Comprehensive Metabolic Panel,Humana,256.12,35.06,30.14,14,2.15,Commercial,2: Mid (1.5-2.5x Medicare)
Abrazo Arrowhead Campus,Glendale,AZ,Proprietary,3,80053,Comprehensive Metabolic Panel,Medicare,256.12,35.06,13.51,14,0.96,Government,1: Low (<1.5x Medicare)
Abrazo Arrowhead Campus,Glendale,AZ,Proprietary,3,80053,Comprehensive Metabolic Panel,Medicaid/AHCCCS,256.12,35.06,10.76,14,0.77,Government,1: Low (<1.5x Medicare)
Abrazo Arrowhead Campus,Glendale,AZ,Proprietary,3,80053,Comprehensive Metabolic Panel,Cash/Self-Pay,256.12,35.06,35.06,14,2.5,Cash,3: High (2.5-3.5x Medicare)
Abrazo Arrowhead Campus,Glendale,AZ,Proprietary,3,36415,Blood Draw,Blue Cross Blue Shield of Arizona,85.95,8.13,6.92,3,2.31,Commercial,2: Mid (1.5-2.5x Medicare)
Abrazo Arrowhead Campus,Glendale,AZ,Proprietary,3,36415,Blood Draw,Aetna,85.95,8.13,7.82,3,2.61,Commercial,3: High (2.5-3.5x Medicare)
Abrazo Arrowhead Campus,Glendale,AZ,Proprietary,3,36415,Blood Draw,UnitedHealthcare,85.95,8.13,6.5,3,2.17,Commercial,2: Mid (1.5-2.5x Medicare)
Abrazo Arrowhead Campus,Glendale,AZ,Proprietary,3,36415,Blood Draw,Cigna,85.95,8.13,8.6,3,2.87,Commercial,3: High (2.5-3.5x Medicare)
Abrazo Arrowhead Campus,Glendale,AZ,Proprietary,3,36415,Blood Draw,Humana,85.95,8.13,8.9,3,2.97,Commercial,3: High (2.5-3.5x Medicare)
Abrazo Arrowhead Campus,Glendale,AZ,Proprietary,3,36415,Blood Draw,Medicare,85.95,8.13,2.91,3,0.97,Government,1: Low (<1.5x Medicare)
Abrazo Arrowhead Campus,Glendale,AZ,Proprietary,3,36415,Blood Draw,Medicaid/AHCCCS,85.95,8.13,2.39,3,0.8,Government,1: Low (<1.5x Medicare)
Abrazo Arrowhead Campus,Glendale,AZ,Proprietary,3,36415,Blood Draw,Cash/Self-Pay,85.95,8.13,8.13,3,2.71,Cash,3: High (2.5-3.5x Medicare)
Abrazo Arrowhead Campus,Glendale,AZ,Proprietary,3,99213,Office Visit (Established Patient),Blue Cross Blue Shield of Arizona,3017.91,402.89,325.24,115,2.83,Commercial,3: High (2.5-3.5x Medicare)
Abrazo Arrowhead Campus,Glendale,AZ,Proprietary,3,99213,Office Visit (Established Patient),Aetna,3017.91,402.89,335.22,115,2.91,Commercial,3: High (2.5-3.5x Medicare)
Abrazo Arrowhead Campus,Glendale,AZ,Proprietary,3,99213,Office Visit (Established Patient),UnitedHealthcare,3017.91,402.89,274.57,115,2.39,Commercial,2: Mid (1.5-2.5x Medicare)
Abrazo Arrowhead Campus,Glendale,AZ,Proprietary,3,99213,Office Visit (Established Patient),Cigna,3017.91,402.89,315.35,115,2.74,Commercial,3: High (2.5-3.5x Medicare)
Abrazo Arrowhead Campus,Glendale,AZ,Proprietary,3,99213,Office Visit (Established Patient),Humana,3017.91,402.89,346.44,115,3.01,Commercial,3: High (2.5-3.5x Medicare)
Abrazo Arrowhead Campus,Glendale,AZ,Proprietary,3,99213,Office Visit (Established Patient),Medicare,3017.91,402.89,115.82,115,1.01,Government,1: Low (<1.5x Medicare)
Abrazo Arrowhead Campus,Glendale,AZ,Proprietary,3,99213,Office Visit (Established Patient),Medicaid/AHCCCS,3017.91,402.89,83.79,115,0.73,Government,1: Low (<1.5x Medicare)
Abrazo Arrowhead Campus,Glendale,AZ,Proprietary,3,99213,Office Visit (Established Patient),Cash/Self-Pay,3017.91,402.89,402.89,115,3.5,Cash,4: Very High (>3.5x Medicare)
Abrazo Arrowhead Campus,Glendale,AZ,Proprietary,3,99283,Emergency Dept Visit (Moderate),Blue Cross Blue Shield of Arizona,3545.59,784.86,498.04,186,2.68,Commercial,3: High (2.5-3.5x Medicare)
Abrazo Arrowhead Campus,Glendale,AZ,Proprietary,3,99283,Emergency Dept Visit (Moderate),Aetna,3545.59,784.86,421.22,186,2.26,Commercial,2: Mid (1.5-2.5x Medicare)
Abrazo Arrowhead Campus,Glendale,AZ,Proprietary,3,99283,Emergency Dept Visit (Moderate),UnitedHealthcare,3545.59,784.86,511.71,186,2.75,Commercial,3: High (2.5-3.5x Medicare)
Abrazo Arrowhead Campus,Glendale,AZ,Proprietary,3,99283,Emergency Dept Visit (Moderate),Cigna,3545.59,784.86,489.55,186,2.63,Commercial,3: High (2.5-3.5x Medicare)
Abrazo Arrowhead Campus,Glendale,AZ,Proprietary,3,99283,Emergency Dept Visit (Moderate),Humana,3545.59,784.86,457.87,186,2.46,Commercial,2: Mid (1.5-2.5x Medicare)
Abrazo Arrowhead Campus,Glendale,AZ,Proprietary,3,99283,Emergency Dept Visit (Moderate),Medicare,3545.59,784.86,190.85,186,1.03,Government,1: Low (<1.5x Medicare)
Abrazo Arrowhead Campus,Glendale,AZ,Proprietary,3,99283,Emergency Dept Visit (Moderate),Medicaid/AHCCCS,3545.59,784.86,135.95,186,0.73,Government,1: Low (<1.5x Medicare)
Abrazo Arrowhead Campus,Glendale,AZ,Proprietary,3,99283,Emergency Dept Visit (Moderate),Cash/Self-Pay,3545.59,784.86,784.86,186,4.22,Cash,4: Very High (>3.5x Medicare)
Abrazo Arrowhead Campus,Glendale,AZ,Proprietary,3,27447,Total Knee Replacement,Blue Cross Blue Shield of Arizona,34027.28,5370.37,4761.57,1600,2.98,Commercial,3: High (2.5-3.5x Medicare)
Abrazo Arrowhead Campus,Glendale,AZ,Proprietary,3,27447,Total Knee Replacement,Aetna,34027.28,5370.37,3592.54,1600,2.25,Commercial,2: Mid (1.5-2.5x Medicare)
Abrazo Arrowhead Campus,Glendale,AZ,Proprietary,3,27447,Total Knee Replacement,UnitedHealthcare,34027.28,5370.37,2976.47,1600,1.86,Commercial,2: Mid (1.5-2.5x Medicare)
Abrazo Arrowhead Campus,Glendale,AZ,Proprietary,3,27447,Total Knee Replacement,Cigna,34027.28,5370.37,4134.0,1600,2.58,Commercial,3: High (2.5-3.5x Medicare)
Abrazo Arrowhead Campus,Glendale,AZ,Proprietary,3,27447,Total Knee Replacement,Humana,34027.28,5370.37,3373.11,1600,2.11,Commercial,2: Mid (1.5-2.5x Medicare)
Abrazo Arrowhead Campus,Glendale,AZ,Proprietary,3,27447,Total Knee Replacement,Medicare,34027.28,5370.37,1648.23,1600,1.03,Government,1: Low (<1.5x Medicare)
Abrazo Arrowhead Campus,Glendale,AZ,Proprietary,3,27447,Total Knee Replacement,Medicaid/AHCCCS,34027.28,5370.37,1245.47,1600,0.78,Government,1: Low (<1.5x Medicare)
Abrazo Arrowhead Campus,Glendale,AZ,Proprietary,3,27447,Total Knee Replacement,Cash/Self-Pay,34027.28,5370.37,5370.37,1600,3.36,Cash,3: High (2.5-3.5x Medicare)
Abrazo Arrowhead Campus,Glendale,AZ,Proprietary,3,27130,Total Hip Replacement,Blue Cross Blue Shield of Arizona,40820.8,4081.52,4951.11,1545,3.2,Commercial,3: High (2.5-3.5x Medicare)
Abrazo Arrowhead Campus,Glendale,AZ,Proprietary,3,27130,Total Hip Replacement,Aetna,40820.8,4081.52,3125.51,1545,2.02,Commercial,2: Mid (1.5-2.5x Medicare)
Abrazo Arrowhead Campus,Glendale,AZ,Proprietary,3,27130,Total Hip Replacement,UnitedHealthcare,40820.8,4081.52,4563.61,1545,2.95,Commercial,3: High (2.5-3.5x Medicare)
Abrazo Arrowhead Campus,Glendale,AZ,Proprietary,3,27130,Total Hip Replacement,Cigna,40820.8,4081.52,4793.43,1545,3.1,Commercial,3: High (2.5-3.5x Medicare)
Abrazo Arrowhead Campus,Glendale,AZ,Proprietary,3,27130,Total Hip Replacement,Humana,40820.8,4081.52,2954.57,1545,1.91,Commercial,2: Mid (1.5-2.5x Medicare)
Abrazo Arrowhead Campus,Glendale,AZ,Proprietary,3,27130,Total Hip Replacement,Medicare,40820.8,4081.52,1576.87,1545,1.02,Government,1: Low (<1.5x Medicare)
Abrazo Arrowhead Campus,Glendale,AZ,Proprietary,3,27130,Total Hip Replacement,Medicaid/AHCCCS,40820.8,4081.52,1273.91,1545,0.82,Government,1: Low (<1.5x Medicare)
Abrazo Arrowhead Campus,Glendale,AZ,Proprietary,3,27130,Total Hip Replacement,Cash/Self-Pay,40820.8,4081.52,4081.52,1545,2.64,Cash,3: High (2.5-3.5x Medicare)
Abrazo Arrowhead Campus,Glendale,AZ,Proprietary,3,43239,Upper GI Endoscopy,Blue Cross Blue Shield of Arizona,19034.87,1884.51,1616.88,612,2.64,Commercial,3: High (2.5-3.5x Medicare)
Abrazo Arrowhead Campus,Glendale,AZ,Proprietary,3,43239,Upper GI Endoscopy,Aetna,19034.87,1884.51,1360.4,612,2.22,Commercial,2: Mid (1.5-2.5x Medicare)
Abrazo Arrowhead Campus,Glendale,AZ,Proprietary,3,43239,Upper GI Endoscopy,UnitedHealthcare,19034.87,1884.51,1212.11,612,1.98,Commercial,2: Mid (1.5-2.5x Medicare)
Abrazo Arrowhead Campus,Glendale,AZ,Proprietary,3,43239,Upper GI Endoscopy,Cigna,19034.87,1884.51,1821.64,612,2.98,Commercial,3: High (2.5-3.5x Medicare)
Abrazo Arrowhead Campus,Glendale,AZ,Proprietary,3,43239,Upper GI Endoscopy,Humana,19034.87,1884.51,1167.85,612,1.91,Commercial,2: Mid (1.5-2.5x Medicare)
Abrazo Arrowhead Campus,Glendale,AZ,Proprietary,3,43239,Upper GI Endoscopy,Medicare,19034.87,1884.51,622.01,612,1.02,Government,1: Low (<1.5x Medicare)
Abrazo Arrowhead Campus,Glendale,AZ,Proprietary,3,43239,Upper GI Endoscopy,Medicaid/AHCCCS,19034.87,1884.51,478.73,612,0.78,Government,1: Low (<1.5x Medicare)
Abrazo Arrowhead Campus,Glendale,AZ,Proprietary,3,43239,Upper GI Endoscopy,Cash/Self-Pay,19034.87,1884.51,1884.51,612,3.08,Cash,3: High (2.5-3.5x Medicare)
Abrazo Arrowhead Campus,Glendale,AZ,Proprietary,3,45378,Colonoscopy,Blue Cross Blue Shield of Arizona,9646.74,2176.38,1655.2,492,3.36,Commercial,3: High (2.5-3.5x Medicare)
Abrazo Arrowhead Campus,Glendale,AZ,Proprietary,3,45378,Colonoscopy,Aetna,9646.74,2176.38,1185.98,492,2.41,Commercial,2: Mid (1.5-2.5x Medicare)
Abrazo Arrowhead Campus,Glendale,AZ,Proprietary,3,45378,Colonoscopy,UnitedHealthcare,9646.74,2176.38,1176.56,492,2.39,Commercial,2: Mid (1.5-2.5x Medicare)
Abrazo Arrowhead Campus,Glendale,AZ,Proprietary,3,45378,Colonoscopy,Cigna,9646.74,2176.38,1561.18,492,3.17,Commercial,3: High (2.5-3.5x Medicare)
Abrazo Arrowhead Campus,Glendale,AZ,Proprietary,3,45378,Colonoscopy,Humana,9646.74,2176.38,1322.71,492,2.69,Commercial,3: High (2.5-3.5x Medicare)
Abrazo Arrowhead Campus,Glendale,AZ,Proprietary,3,45378,Colonoscopy,Medicare,9646.74,2176.38,487.06,492,0.99,Government,1: Low (<1.5x Medicare)
Abrazo Arrowhead Campus,Glendale,AZ,Proprietary,3,45378,Colonoscopy,Medicaid/AHCCCS,9646.74,2176.38,376.56,492,0.77,Government,1: Low (<1.5x Medicare)
Abrazo Arrowhead Campus,Glendale,AZ,Proprietary,3,45378,Colonoscopy,Cash/Self-Pay,9646.74,2176.38,2176.38,492,4.42,Cash,4: Very High (>3.5x Medicare)
Abrazo Arrowhead Campus,Glendale,AZ,Proprietary,3,59510,Cesarean Section,Blue Cross Blue Shield of Arizona,25089.84,9003.35,6806.68,2100,3.24,Commercial,3: High (2.5-3.5x Medicare)
Abrazo Arrowhead Campus,Glendale,AZ,Proprietary,3,59510,Cesarean Section,Aetna,25089.84,9003.35,4369.43,2100,2.08,Commercial,2: Mid (1.5-2.5x Medicare)
Abrazo Arrowhead Campus,Glendale,AZ,Proprietary,3,59510,Cesarean Section,UnitedHealthcare,25089.84,9003.35,4214.76,2100,2.01,Commercial,2: Mid (1.5-2.5x Medicare)
Abrazo Arrowhead Campus,Glendale,AZ,Proprietary,3,59510,Cesarean Section,Cigna,25089.84,9003.35,6847.35,2100,3.26,Commercial,3: High (2.5-3.5x Medicare)
Abrazo Arrowhead Campus,Glendale,AZ,Proprietary,3,59510,Cesarean Section,Humana,25089.84,9003.35,4560.83,2100,2.17,Commercial,2: Mid (1.5-2.5x Medicare)
Abrazo Arrowhead Campus,Glendale,AZ,Proprietary,3,59510,Cesarean Section,Medicare,25089.84,9003.35,2048.1,2100,0.98,Government,1: Low (<1.5x Medicare)
Abrazo Arrowhead Campus,Glendale,AZ,Proprietary,3,59510,Cesarean Section,Medicaid/AHCCCS,25089.84,9003.35,1712.61,2100,0.82,Government,1: Low (<1.5x Medicare)
Abrazo Arrowhead Campus,Glendale,AZ,Proprietary,3,59510,Cesarean Section,Cash/Self-Pay,25089.84,9003.35,9003.35,2100,4.29,Cash,4: Very High (>3.5x Medicare)
Banner Desert Medical Center,Mesa,AZ,Voluntary non-profit,3,70553,MRI Brain with Contrast,Blue Cross Blue Shield of Arizona,8059.52,1236.96,1257.97,446,2.82,Commercial,3: High (2.5-3.5x Medicare)
Banner Desert Medical Center,Mesa,AZ,Voluntary non-profit,3,70553,MRI Brain with Contrast,Aetna,8059.52,1236.96,1141.77,446,2.56,Commercial,3: High (2.5-3.5x Medicare)
Banner Desert Medical Center,Mesa,AZ,Voluntary non-profit,3,70553,MRI Brain with Contrast,UnitedHealthcare,8059.52,1236.96,1008.64,446,2.26,Commercial,2: Mid (1.5-2.5x Medicare)
Banner Desert Medical Center,Mesa,AZ,Voluntary non-profit,3,70553,MRI Brain with Contrast,Cigna,8059.52,1236.96,1200.21,446,2.69,Commercial,3: High (2.5-3.5x Medicare)
Banner Desert Medical Center,Mesa,AZ,Voluntary non-profit,3,70553,MRI Brain with Contrast,Humana,8059.52,1236.96,1148.28,446,2.57,Commercial,3: High (2.5-3.5x Medicare)
Banner Desert Medical Center,Mesa,AZ,Voluntary non-profit,3,70553,MRI Brain with Contrast,Medicare,8059.52,1236.96,426.75,446,0.96,Government,1: Low (<1.5x Medicare)
Banner Desert Medical Center,Mesa,AZ,Voluntary non-profit,3,70553,MRI Brain with Contrast,Medicaid/AHCCCS,8059.52,1236.96,349.46,446,0.78,Government,1: Low (<1.5x Medicare)
Banner Desert Medical Center,Mesa,AZ,Voluntary non-profit,3,70553,MRI Brain with Contrast,Cash/Self-Pay,8059.52,1236.96,1236.96,446,2.77,Cash,3: High (2.5-3.5x Medicare)
Banner Desert Medical Center,Mesa,AZ,Voluntary non-profit,3,71250,CT Chest,Blue Cross Blue Shield of Arizona,2837.17,766.51,1067.05,312,3.42,Commercial,3: High (2.5-3.5x Medicare)
Banner Desert Medical Center,Mesa,AZ,Voluntary non-profit,3,71250,CT Chest,Aetna,2837.17,766.51,929.01,312,2.98,Commercial,3: High (2.5-3.5x Medicare)
Banner Desert Medical Center,Mesa,AZ,Voluntary non-profit,3,71250,CT Chest,UnitedHealthcare,2837.17,766.51,814.63,312,2.61,Commercial,3: High (2.5-3.5x Medicare)
Banner Desert Medical Center,Mesa,AZ,Voluntary non-profit,3,71250,CT Chest,Cigna,2837.17,766.51,641.0,312,2.05,Commercial,2: Mid (1.5-2.5x Medicare)
Banner Desert Medical Center,Mesa,AZ,Voluntary non-profit,3,71250,CT Chest,Humana,2837.17,766.51,866.67,312,2.78,Commercial,3: High (2.5-3.5x Medicare)
Banner Desert Medical Center,Mesa,AZ,Voluntary non-profit,3,71250,CT Chest,Medicare,2837.17,766.51,303.28,312,0.97,Government,1: Low (<1.5x Medicare)
Banner Desert Medical Center,Mesa,AZ,Voluntary non-profit,3,71250,CT Chest,Medicaid/AHCCCS,2837.17,766.51,273.7,312,0.88,Government,1: Low (<1.5x Medicare)
Banner Desert Medical Center,Mesa,AZ,Voluntary non-profit,3,71250,CT Chest,Cash/Self-Pay,2837.17,766.51,766.51,312,2.46,Cash,2: Mid (1.5-2.5x Medicare)
Banner Desert Medical Center,Mesa,AZ,Voluntary non-profit,3,74177,CT Abdomen & Pelvis,Blue Cross Blue Shield of Arizona,7576.38,1135.59,1177.13,389,3.03,Commercial,3: High (2.5-3.5x Medicare)
Banner Desert Medical Center,Mesa,AZ,Voluntary non-profit,3,74177,CT Abdomen & Pelvis,Aetna,7576.38,1135.59,1119.46,389,2.88,Commercial,3: High (2.5-3.5x Medicare)
Banner Desert Medical Center,Mesa,AZ,Voluntary non-profit,3,74177,CT Abdomen & Pelvis,UnitedHealthcare,7576.38,1135.59,877.14,389,2.25,Commercial,2: Mid (1.5-2.5x Medicare)
Banner Desert Medical Center,Mesa,AZ,Voluntary non-profit,3,74177,CT Abdomen & Pelvis,Cigna,7576.38,1135.59,1067.79,389,2.74,Commercial,3: High (2.5-3.5x Medicare)
Banner Desert Medical Center,Mesa,AZ,Voluntary non-profit,3,74177,CT Abdomen & Pelvis,Humana,7576.38,1135.59,923.56,389,2.37,Commercial,2: Mid (1.5-2.5x Medicare)
Banner Desert Medical Center,Mesa,AZ,Voluntary non-profit,3,74177,CT Abdomen & Pelvis,Medicare,7576.38,1135.59,383.0,389,0.98,Government,1: Low (<1.5x Medicare)
Banner Desert Medical Center,Mesa,AZ,Voluntary non-profit,3,74177,CT Abdomen & Pelvis,Medicaid/AHCCCS,7576.38,1135.59,324.51,389,0.83,Government,1: Low (<1.5x Medicare)
Banner Desert Medical Center,Mesa,AZ,Voluntary non-profit,3,74177,CT Abdomen & Pelvis,Cash/Self-Pay,7576.38,1135.59,1135.59,389,2.92,Cash,3: High (2.5-3.5x Medicare)
Banner Desert Medical Center,Mesa,AZ,Voluntary non-profit,3,93000,Electrocardiogram (ECG),Blue Cross Blue Shield of Arizona,499.54,83.03,76.17,28,2.72,Commercial,3: High (2.5-3.5x Medicare)
Banner Desert Medical Center,Mesa,AZ,Voluntary non-profit,3,93000,Electrocardiogram (ECG),Aetna,499.54,83.03,79.12,28,2.83,Commercial,3: High (2.5-3.5x Medicare)
Banner Desert Medical Center,Mesa,AZ,Voluntary non-profit,3,93000,Electrocardiogram (ECG),UnitedHealthcare,499.54,83.03,68.76,28,2.46,Commercial,2: Mid (1.5-2.5x Medicare)
Banner Desert Medical Center,Mesa,AZ,Voluntary non-profit,3,93000,Electrocardiogram (ECG),Cigna,499.54,83.03,59.06,28,2.11,Commercial,2: Mid (1.5-2.5x Medicare)
Banner Desert Medical Center,Mesa,AZ,Voluntary non-profit,3,93000,Electrocardiogram (ECG),Humana,499.54,83.03,61.06,28,2.18,Commercial,2: Mid (1.5-2.5x Medicare)
Banner Desert Medical Center,Mesa,AZ,Voluntary non-profit,3,93000,Electrocardiogram (ECG),Medicare,499.54,83.03,28.94,28,1.03,Government,1: Low (<1.5x Medicare)
Banner Desert Medical Center,Mesa,AZ,Voluntary non-profit,3,93000,Electrocardiogram (ECG),Medicaid/AHCCCS,499.54,83.03,25.06,28,0.89,Government,1: Low (<1.5x Medicare)
Banner Desert Medical Center,Mesa,AZ,Voluntary non-profit,3,93000,Electrocardiogram (ECG),Cash/Self-Pay,499.54,83.03,83.03,28,2.97,Cash,3: High (2.5-3.5x Medicare)
Banner Desert Medical Center,Mesa,AZ,Voluntary non-profit,3,85025,Complete Blood Count (CBC),Blue Cross Blue Shield of Arizona,102.7,20.63,36.62,11,3.33,Commercial,3: High (2.5-3.5x Medicare)
Banner Desert Medical Center,Mesa,AZ,Voluntary non-profit,3,85025,Complete Blood Count (CBC),Aetna,102.7,20.63,22.38,11,2.03,Commercial,2: Mid (1.5-2.5x Medicare)
Banner Desert Medical Center,Mesa,AZ,Voluntary non-profit,3,85025,Complete Blood Count (CBC),UnitedHealthcare,102.7,20.63,25.05,11,2.28,Commercial,2: Mid (1.5-2.5x Medicare)
Banner Desert Medical Center,Mesa,AZ,Voluntary non-profit,3,85025,Complete Blood Count (CBC),Cigna,102.7,20.63,27.36,11,2.49,Commercial,2: Mid (1.5-2.5x Medicare)
Banner Desert Medical Center,Mesa,AZ,Voluntary non-profit,3,85025,Complete Blood Count (CBC),Humana,102.7,20.63,23.88,11,2.17,Commercial,2: Mid (1.5-2.5x Medicare)
Banner Desert Medical Center,Mesa,AZ,Voluntary non-profit,3,85025,Complete Blood Count (CBC),Medicare,102.7,20.63,11.47,11,1.04,Government,1: Low (<1.5x Medicare)
Banner Desert Medical Center,Mesa,AZ,Voluntary non-profit,3,85025,Complete Blood Count (CBC),Medicaid/AHCCCS,102.7,20.63,7.91,11,0.72,Government,1: Low (<1.5x Medicare)
Banner Desert Medical Center,Mesa,AZ,Voluntary non-profit,3,85025,Complete Blood Count (CBC),Cash/Self-Pay,102.7,20.63,20.63,11,1.88,Cash,2: Mid (1.5-2.5x Medicare)
Banner Desert Medical Center,Mesa,AZ,Voluntary non-profit,3,80053,Comprehensive Metabolic Panel,Blue Cross Blue Shield of Arizona,186.61,28.52,46.65,14,3.33,Commercial,3: High (2.5-3.5x Medicare)
Banner Desert Medical Center,Mesa,AZ,Voluntary non-profit,3,80053,Comprehensive Metabolic Panel,Aetna,186.61,28.52,33.62,14,2.4,Commercial,2: Mid (1.5-2.5x Medicare)
Banner Desert Medical Center,Mesa,AZ,Voluntary non-profit,3,80053,Comprehensive Metabolic Panel,UnitedHealthcare,186.61,28.52,27.79,14,1.98,Commercial,2: Mid (1.5-2.5x Medicare)
Banner Desert Medical Center,Mesa,AZ,Voluntary non-profit,3,80053,Comprehensive Metabolic Panel,Cigna,186.61,28.52,28.63,14,2.05,Commercial,2: Mid (1.5-2.5x Medicare)
Banner Desert Medical Center,Mesa,AZ,Voluntary non-profit,3,80053,Comprehensive Metabolic Panel,Humana,186.61,28.52,41.65,14,2.97,Commercial,3: High (2.5-3.5x Medicare)
Banner Desert Medical Center,Mesa,AZ,Voluntary non-profit,3,80053,Comprehensive Metabolic Panel,Medicare,186.61,28.52,13.62,14,0.97,Government,1: Low (<1.5x Medicare)
Banner Desert Medical Center,Mesa,AZ,Voluntary non-profit,3,80053,Comprehensive Metabolic Panel,Medicaid/AHCCCS,186.61,28.52,10.95,14,0.78,Government,1: Low (<1.5x Medicare)
Banner Desert Medical Center,Mesa,AZ,Voluntary non-profit,3,80053,Comprehensive Metabolic Panel,Cash/Self-Pay,186.61,28.52,28.52,14,2.04,Cash,2: Mid (1.5-2.5x Medicare)
Banner Desert Medical Center,Mesa,AZ,Voluntary non-profit,3,36415,Blood Draw,Blue Cross Blue Shield of Arizona,32.01,7.64,9.82,3,3.27,Commercial,3: High (2.5-3.5x Medicare)
Banner Desert Medical Center,Mesa,AZ,Voluntary non-profit,3,36415,Blood Draw,Aetna,32.01,7.64,8.42,3,2.81,Commercial,3: High (2.5-3.5x Medicare)
Banner Desert Medical Center,Mesa,AZ,Voluntary non-profit,3,36415,Blood Draw,UnitedHealthcare,32.01,7.64,8.26,3,2.75,Commercial,3: High (2.5-3.5x Medicare)
Banner Desert Medical Center,Mesa,AZ,Voluntary non-profit,3,36415,Blood Draw,Cigna,32.01,7.64,7.6,3,2.53,Commercial,3: High (2.5-3.5x Medicare)
Banner Desert Medical Center,Mesa,AZ,Voluntary non-profit,3,36415,Blood Draw,Humana,32.01,7.64,8.18,3,2.73,Commercial,3: High (2.5-3.5x Medicare)
Banner Desert Medical Center,Mesa,AZ,Voluntary non-profit,3,36415,Blood Draw,Medicare,32.01,7.64,3.02,3,1.01,Government,1: Low (<1.5x Medicare)
Banner Desert Medical Center,Mesa,AZ,Voluntary non-profit,3,36415,Blood Draw,Medicaid/AHCCCS,32.01,7.64,2.57,3,0.86,Government,1: Low (<1.5x Medicare)
Banner Desert Medical Center,Mesa,AZ,Voluntary non-profit,3,36415,Blood Draw,Cash/Self-Pay,32.01,7.64,7.64,3,2.55,Cash,3: High (2.5-3.5x Medicare)
Banner Desert Medical Center,Mesa,AZ,Voluntary non-profit,3,99213,Office Visit (Established Patient),Blue Cross Blue Shield of Arizona,899.54,318.54,259.0,115,2.25,Commercial,2: Mid (1.5-2.5x Medicare)
Banner Desert Medical Center,Mesa,AZ,Voluntary non-profit,3,99213,Office Visit (Established Patient),Aetna,899.54,318.54,349.45,115,3.04,Commercial,3: High (2.5-3.5x Medicare)
Banner Desert Medical Center,Mesa,AZ,Voluntary non-profit,3,99213,Office Visit (Established Patient),UnitedHealthcare,899.54,318.54,300.35,115,2.61,Commercial,3: High (2.5-3.5x Medicare)
Banner Desert Medical Center,Mesa,AZ,Voluntary non-profit,3,99213,Office Visit (Established Patient),Cigna,899.54,318.54,344.9,115,3.0,Commercial,3: High (2.5-3.5x Medicare)
Banner Desert Medical Center,Mesa,AZ,Voluntary non-profit,3,99213,Office Visit (Established Patient),Humana,899.54,318.54,226.77,115,1.97,Commercial,2: Mid (1.5-2.5x Medicare)
Banner Desert Medical Center,Mesa,AZ,Voluntary non-profit,3,99213,Office Visit (Established Patient),Medicare,899.54,318.54,116.22,115,1.01,Government,1: Low (<1.5x Medicare)
Banner Desert Medical Center,Mesa,AZ,Voluntary non-profit,3,99213,Office Visit (Established Patient),Medicaid/AHCCCS,899.54,318.54,100.04,115,0.87,Government,1: Low (<1.5x Medicare)
Banner Desert Medical Center,Mesa,AZ,Voluntary non-profit,3,99213,Office Visit (Established Patient),Cash/Self-Pay,899.54,318.54,318.54,115,2.77,Cash,3: High (2.5-3.5x Medicare)
Banner Desert Medical Center,Mesa,AZ,Voluntary non-profit,3,99283,Emergency Dept Visit (Moderate),Blue Cross Blue Shield of Arizona,1522.9,491.34,491.73,186,2.64,Commercial,3: High (2.5-3.5x Medicare)
Banner Desert Medical Center,Mesa,AZ,Voluntary non-profit,3,99283,Emergency Dept Visit (Moderate),Aetna,1522.9,491.34,429.72,186,2.31,Commercial,2: Mid (1.5-2.5x Medicare)
Banner Desert Medical Center,Mesa,AZ,Voluntary non-profit,3,99283,Emergency Dept Visit (Moderate),UnitedHealthcare,1522.9,491.34,482.97,186,2.6,Commercial,3: High (2.5-3.5x Medicare)
Banner Desert Medical Center,Mesa,AZ,Voluntary non-profit,3,99283,Emergency Dept Visit (Moderate),Cigna,1522.9,491.34,388.78,186,2.09,Commercial,2: Mid (1.5-2.5x Medicare)
Banner Desert Medical Center,Mesa,AZ,Voluntary non-profit,3,99283,Emergency Dept Visit (Moderate),Humana,1522.9,491.34,512.93,186,2.76,Commercial,3: High (2.5-3.5x Medicare)
Banner Desert Medical Center,Mesa,AZ,Voluntary non-profit,3,99283,Emergency Dept Visit (Moderate),Medicare,1522.9,491.34,186.47,186,1.0,Government,1: Low (<1.5x Medicare)
Banner Desert Medical Center,Mesa,AZ,Voluntary non-profit,3,99283,Emergency Dept Visit (Moderate),Medicaid/AHCCCS,1522.9,491.34,156.16,186,0.84,Government,1: Low (<1.5x Medicare)
Banner Desert Medical Center,Mesa,AZ,Voluntary non-profit,3,99283,Emergency Dept Visit (Moderate),Cash/Self-Pay,1522.9,491.34,491.34,186,2.64,Cash,3: High (2.5-3.5x Medicare)
Banner Desert Medical Center,Mesa,AZ,Voluntary non-profit,3,27447,Total Knee Replacement,Blue Cross Blue Shield of Arizona,30471.12,4368.04,4926.83,1600,3.08,Commercial,3: High (2.5-3.5x Medicare)
Banner Desert Medical Center,Mesa,AZ,Voluntary non-profit,3,27447,Total Knee Replacement,Aetna,30471.12,4368.04,4470.72,1600,2.79,Commercial,3: High (2.5-3.5x Medicare)
Banner Desert Medical Center,Mesa,AZ,Voluntary non-profit,3,27447,Total Knee Replacement,UnitedHealthcare,30471.12,4368.04,3948.63,1600,2.47,Commercial,2: Mid (1.5-2.5x Medicare)
Banner Desert Medical Center,Mesa,AZ,Voluntary non-profit,3,27447,Total Knee Replacement,Cigna,30471.12,4368.04,3415.14,1600,2.13,Commercial,2: Mid (1.5-2.5x Medicare)
Banner Desert Medical Center,Mesa,AZ,Voluntary non-profit,3,27447,Total Knee Replacement,Humana,30471.12,4368.04,3724.66,1600,2.33,Commercial,2: Mid (1.5-2.5x Medicare)
Banner Desert Medical Center,Mesa,AZ,Voluntary non-profit,3,27447,Total Knee Replacement,Medicare,30471.12,4368.04,1522.06,1600,0.95,Government,1: Low (<1.5x Medicare)
Banner Desert Medical Center,Mesa,AZ,Voluntary non-profit,3,27447,Total Knee Replacement,Medicaid/AHCCCS,30471.12,4368.04,1292.9,1600,0.81,Government,1: Low (<1.5x Medicare)
Banner Desert Medical Center,Mesa,AZ,Voluntary non-profit,3,27447,Total Knee Replacement,Cash/Self-Pay,30471.12,4368.04,4368.04,1600,2.73,Cash,3: High (2.5-3.5x Medicare)
Banner Desert Medical Center,Mesa,AZ,Voluntary non-profit,3,27130,Total Hip Replacement,Blue Cross Blue Shield of Arizona,28460.45,4607.25,4535.3,1545,2.94,Commercial,3: High (2.5-3.5x Medicare)
Banner Desert Medical Center,Mesa,AZ,Voluntary non-profit,3,27130,Total Hip Replacement,Aetna,28460.45,4607.25,3535.51,1545,2.29,Commercial,2: Mid (1.5-2.5x Medicare)
Banner Desert Medical Center,Mesa,AZ,Voluntary non-profit,3,27130,Total Hip Replacement,UnitedHealthcare,28460.45,4607.25,3767.09,1545,2.44,Commercial,2: Mid (1.5-2.5x Medicare)
Banner Desert Medical Center,Mesa,AZ,Voluntary non-profit,3,27130,Total Hip Replacement,Cigna,28460.45,4607.25,3898.83,1545,2.52,Commercial,3: High (2.5-3.5x Medicare)
Banner Desert Medical Center,Mesa,AZ,Voluntary non-profit,3,27130,Total Hip Replacement,Humana,28460.45,4607.25,4008.03,1545,2.59,Commercial,3: High (2.5-3.5x Medicare)
Banner Desert Medical Center,Mesa,AZ,Voluntary non-profit,3,27130,Total Hip Replacement,Medicare,28460.45,4607.25,1575.99,1545,1.02,Government,1: Low (<1.5x Medicare)
Banner Desert Medical Center,Mesa,AZ,Voluntary non-profit,3,27130,Total Hip Replacement,Medicaid/AHCCCS,28460.45,4607.25,1314.32,1545,0.85,Government,1: Low (<1.5x Medicare)
Banner Desert Medical Center,Mesa,AZ,Voluntary non-profit,3,27130,Total Hip Replacement,Cash/Self-Pay,28460.45,4607.25,4607.25,1545,2.98,Cash,3: High (2.5-3.5x Medicare)
Banner Desert Medical Center,Mesa,AZ,Voluntary non-profit,3,43239,Upper GI Endoscopy,Blue Cross Blue Shield of Arizona,11442.3,1398.34,1927.39,612,3.15,Commercial,3: High (2.5-3.5x Medicare)
Banner Desert Medical Center,Mesa,AZ,Voluntary non-profit,3,43239,Upper GI Endoscopy,Aetna,11442.3,1398.34,1848.21,612,3.02,Commercial,3: High (2.5-3.5x Medicare)
Banner Desert Medical Center,Mesa,AZ,Voluntary non-profit,3,43239,Upper GI Endoscopy,UnitedHealthcare,11442.3,1398.34,1499.19,612,2.45,Commercial,2: Mid (1.5-2.5x Medicare)
Banner Desert Medical Center,Mesa,AZ,Voluntary non-profit,3,43239,Upper GI Endoscopy,Cigna,11442.3,1398.34,1731.41,612,2.83,Commercial,3: High (2.5-3.5x Medicare)
Banner Desert Medical Center,Mesa,AZ,Voluntary non-profit,3,43239,Upper GI Endoscopy,Humana,11442.3,1398.34,1613.46,612,2.64,Commercial,3: High (2.5-3.5x Medicare)
Banner Desert Medical Center,Mesa,AZ,Voluntary non-profit,3,43239,Upper GI Endoscopy,Medicare,11442.3,1398.34,630.97,612,1.03,Government,1: Low (<1.5x Medicare)
Banner Desert Medical Center,Mesa,AZ,Voluntary non-profit,3,43239,Upper GI Endoscopy,Medicaid/AHCCCS,11442.3,1398.34,499.78,612,0.82,Government,1: Low (<1.5x Medicare)
Banner Desert Medical Center,Mesa,AZ,Voluntary non-profit,3,43239,Upper GI Endoscopy,Cash/Self-Pay,11442.3,1398.34,1398.34,612,2.28,Cash,2: Mid (1.5-2.5x Medicare)
Banner Desert Medical Center,Mesa,AZ,Voluntary non-profit,3,45378,Colonoscopy,Blue Cross Blue Shield of Arizona,8307.87,1022.88,1492.36,492,3.03,Commercial,3: High (2.5-3.5x Medicare)
Banner Desert Medical Center,Mesa,AZ,Voluntary non-profit,3,45378,Colonoscopy,Aetna,8307.87,1022.88,996.36,492,2.03,Commercial,2: Mid (1.5-2.5x Medicare)
Banner Desert Medical Center,Mesa,AZ,Voluntary non-profit,3,45378,Colonoscopy,UnitedHealthcare,8307.87,1022.88,1119.36,492,2.28,Commercial,2: Mid (1.5-2.5x Medicare)
Banner Desert Medical Center,Mesa,AZ,Voluntary non-profit,3,45378,Colonoscopy,Cigna,8307.87,1022.88,1357.87,492,2.76,Commercial,3: High (2.5-3.5x Medicare)
Banner Desert Medical Center,Mesa,AZ,Voluntary non-profit,3,45378,Colonoscopy,Humana,8307.87,1022.88,1323.34,492,2.69,Commercial,3: High (2.5-3.5x Medicare)
Banner Desert Medical Center,Mesa,AZ,Voluntary non-profit,3,45378,Colonoscopy,Medicare,8307.87,1022.88,489.63,492,1.0,Government,1: Low (<1.5x Medicare)
Banner Desert Medical Center,Mesa,AZ,Voluntary non-profit,3,45378,Colonoscopy,Medicaid/AHCCCS,8307.87,1022.88,379.31,492,0.77,Government,1: Low (<1.5x Medicare)
Banner Desert Medical Center,Mesa,AZ,Voluntary non-profit,3,45378,Colonoscopy,Cash/Self-Pay,8307.87,1022.88,1022.88,492,2.08,Cash,2: Mid (1.5-2.5x Medicare)
Banner Desert Medical Center,Mesa,AZ,Voluntary non-profit,3,59510,Cesarean Section,Blue Cross Blue Shield of Arizona,26676.31,3567.25,7031.34,2100,3.35,Commercial,3: High (2.5-3.5x Medicare)
Banner Desert Medical Center,Mesa,AZ,Voluntary non-profit,3,59510,Cesarean Section,Aetna,26676.31,3567.25,6250.58,2100,2.98,Commercial,3: High (2.5-3.5x Medicare)
Banner Desert Medical Center,Mesa,AZ,Voluntary non-profit,3,59510,Cesarean Section,UnitedHealthcare,26676.31,3567.25,5245.98,2100,2.5,Commercial,3: High (2.5-3.5x Medicare)
Banner Desert Medical Center,Mesa,AZ,Voluntary non-profit,3,59510,Cesarean Section,Cigna,26676.31,3567.25,4770.11,2100,2.27,Commercial,2: Mid (1.5-2.5x Medicare)
Banner Desert Medical Center,Mesa,AZ,Voluntary non-profit,3,59510,Cesarean Section,Humana,26676.31,3567.25,6013.59,2100,2.86,Commercial,3: High (2.5-3.5x Medicare)
Banner Desert Medical Center,Mesa,AZ,Voluntary non-profit,3,59510,Cesarean Section,Medicare,26676.31,3567.25,2011.65,2100,0.96,Government,1: Low (<1.5x Medicare)
Banner Desert Medical Center,Mesa,AZ,Voluntary non-profit,3,59510,Cesarean Section,Medicaid/AHCCCS,26676.31,3567.25,1707.66,2100,0.81,Government,1: Low (<1.5x Medicare)
Banner Desert Medical Center,Mesa,AZ,Voluntary non-profit,3,59510,Cesarean Section,Cash/Self-Pay,26676.31,3567.25,3567.25,2100,1.7,Cash,2: Mid (1.5-2.5x Medicare)
Scottsdale Healthcare - Shea,Scottsdale,AZ,Voluntary non-profit,4,70553,MRI Brain with Contrast,Blue Cross Blue Shield of Arizona,7469.68,1166.28,1064.38,446,2.39,Commercial,2: Mid (1.5-2.5x Medicare)
Scottsdale Healthcare - Shea,Scottsdale,AZ,Voluntary non-profit,4,70553,MRI Brain with Contrast,Aetna,7469.68,1166.28,1205.96,446,2.7,Commercial,3: High (2.5-3.5x Medicare)
Scottsdale Healthcare - Shea,Scottsdale,AZ,Voluntary non-profit,4,70553,MRI Brain with Contrast,UnitedHealthcare,7469.68,1166.28,951.09,446,2.13,Commercial,2: Mid (1.5-2.5x Medicare)
Scottsdale Healthcare - Shea,Scottsdale,AZ,Voluntary non-profit,4,70553,MRI Brain with Contrast,Cigna,7469.68,1166.28,915.36,446,2.05,Commercial,2: Mid (1.5-2.5x Medicare)
Scottsdale Healthcare - Shea,Scottsdale,AZ,Voluntary non-profit,4,70553,MRI Brain with Contrast,Humana,7469.68,1166.28,1280.74,446,2.87,Commercial,3: High (2.5-3.5x Medicare)
Scottsdale Healthcare - Shea,Scottsdale,AZ,Voluntary non-profit,4,70553,MRI Brain with Contrast,Medicare,7469.68,1166.28,424.68,446,0.95,Government,1: Low (<1.5x Medicare)
Scottsdale Healthcare - Shea,Scottsdale,AZ,Voluntary non-profit,4,70553,MRI Brain with Contrast,Medicaid/AHCCCS,7469.68,1166.28,399.84,446,0.9,Government,1: Low (<1.5x Medicare)
Scottsdale Healthcare - Shea,Scottsdale,AZ,Voluntary non-profit,4,70553,MRI Brain with Contrast,Cash/Self-Pay,7469.68,1166.28,1166.28,446,2.61,Cash,3: High (2.5-3.5x Medicare)
Scottsdale Healthcare - Shea,Scottsdale,AZ,Voluntary non-profit,4,71250,CT Chest,Blue Cross Blue Shield of Arizona,3598.6,1141.92,800.1,312,2.56,Commercial,3: High (2.5-3.5x Medicare)
Scottsdale Healthcare - Shea,Scottsdale,AZ,Voluntary non-profit,4,71250,CT Chest,Aetna,3598.6,1141.92,961.86,312,3.08,Commercial,3: High (2.5-3.5x Medicare)
Scottsdale Healthcare - Shea,Scottsdale,AZ,Voluntary non-profit,4,71250,CT Chest,UnitedHealthcare,3598.6,1141.92,781.75,312,2.51,Commercial,3: High (2.5-3.5x Medicare)
Scottsdale Healthcare - Shea,Scottsdale,AZ,Voluntary non-profit,4,71250,CT Chest,Cigna,3598.6,1141.92,866.78,312,2.78,Commercial,3: High (2.5-3.5x Medicare)
Scottsdale Healthcare - Shea,Scottsdale,AZ,Voluntary non-profit,4,71250,CT Chest,Humana,3598.6,1141.92,806.81,312,2.59,Commercial,3: High (2.5-3.5x Medicare)
Scottsdale Healthcare - Shea,Scottsdale,AZ,Voluntary non-profit,4,71250,CT Chest,Medicare,3598.6,1141.92,298.26,312,0.96,Government,1: Low (<1.5x Medicare)
Scottsdale Healthcare - Shea,Scottsdale,AZ,Voluntary non-profit,4,71250,CT Chest,Medicaid/AHCCCS,3598.6,1141.92,256.11,312,0.82,Government,1: Low (<1.5x Medicare)
Scottsdale Healthcare - Shea,Scottsdale,AZ,Voluntary non-profit,4,71250,CT Chest,Cash/Self-Pay,3598.6,1141.92,1141.92,312,3.66,Cash,4: Very High (>3.5x Medicare)
Scottsdale Healthcare - Shea,Scottsdale,AZ,Voluntary non-profit,4,74177,CT Abdomen & Pelvis,Blue Cross Blue Shield of Arizona,8917.38,1195.41,970.48,389,2.49,Commercial,2: Mid (1.5-2.5x Medicare)
Scottsdale Healthcare - Shea,Scottsdale,AZ,Voluntary non-profit,4,74177,CT Abdomen & Pelvis,Aetna,8917.38,1195.41,958.51,389,2.46,Commercial,2: Mid (1.5-2.5x Medicare)
Scottsdale Healthcare - Shea,Scottsdale,AZ,Voluntary non-profit,4,74177,CT Abdomen & Pelvis,UnitedHealthcare,8917.38,1195.41,768.04,389,1.97,Commercial,2: Mid (1.5-2.5x Medicare)
Scottsdale Healthcare - Shea,Scottsdale,AZ,Voluntary non-profit,4,74177,CT Abdomen & Pelvis,Cigna,8917.38,1195.41,1060.12,389,2.73,Commercial,3: High (2.5-3.5x Medicare)
Scottsdale Healthcare - Shea,Scottsdale,AZ,Voluntary non-profit,4,74177,CT Abdomen & Pelvis,Humana,8917.38,1195.41,1040.45,389,2.67,Commercial,3: High (2.5-3.5x Medicare)
Scottsdale Healthcare - Shea,Scottsdale,AZ,Voluntary non-profit,4,74177,CT Abdomen & Pelvis,Medicare,8917.38,1195.41,406.35,389,1.04,Government,1: Low (<1.5x Medicare)
Scottsdale Healthcare - Shea,Scottsdale,AZ,Voluntary non-profit,4,74177,CT Abdomen & Pelvis,Medicaid/AHCCCS,8917.38,1195.41,337.82,389,0.87,Government,1: Low (<1.5x Medicare)
Scottsdale Healthcare - Shea,Scottsdale,AZ,Voluntary non-profit,4,74177,CT Abdomen & Pelvis,Cash/Self-Pay,8917.38,1195.41,1195.41,389,3.07,Cash,3: High (2.5-3.5x Medicare)
Scottsdale Healthcare - Shea,Scottsdale,AZ,Voluntary non-profit,4,93000,Electrocardiogram (ECG),Blue Cross Blue Shield of Arizona,422.02,60.84,67.78,28,2.42,Commercial,2: Mid (1.5-2.5x Medicare)
Scottsdale Healthcare - Shea,Scottsdale,AZ,Voluntary non-profit,4,93000,Electrocardiogram (ECG),Aetna,422.02,60.84,78.99,28,2.82,Commercial,3: High (2.5-3.5x Medicare)
Scottsdale Healthcare - Shea,Scottsdale,AZ,Voluntary non-profit,4,93000,Electrocardiogram (ECG),UnitedHealthcare,422.02,60.84,72.93,28,2.6,Commercial,3: High (2.5-3.5x Medicare)
Scottsdale Healthcare - Shea,Scottsdale,AZ,Voluntary non-profit,4,93000,Electrocardiogram (ECG),Cigna,422.02,60.84,62.45,28,2.23,Commercial,2: Mid (1.5-2.5x Medicare)
Scottsdale Healthcare - Shea,Scottsdale,AZ,Voluntary non-profit,4,93000,Electrocardiogram (ECG),Humana,422.02,60.84,61.16,28,2.18,Commercial,2: Mid (1.5-2.5x Medicare)
Scottsdale Healthcare - Shea,Scottsdale,AZ,Voluntary non-profit,4,93000,Electrocardiogram (ECG),Medicare,422.02,60.84,27.1,28,0.97,Government,1: Low (<1.5x Medicare)
Scottsdale Healthcare - Shea,Scottsdale,AZ,Voluntary non-profit,4,93000,Electrocardiogram (ECG),Medicaid/AHCCCS,422.02,60.84,24.07,28,0.86,Government,1: Low (<1.5x Medicare)
Scottsdale Healthcare - Shea,Scottsdale,AZ,Voluntary non-profit,4,93000,Electrocardiogram (ECG),Cash/Self-Pay,422.02,60.84,60.84,28,2.17,Cash,2: Mid (1.5-2.5x Medicare)
Scottsdale Healthcare - Shea,Scottsdale,AZ,Voluntary non-profit,4,85025,Complete Blood Count (CBC),Blue Cross Blue Shield of Arizona,236.23,34.33,30.99,11,2.82,Commercial,3: High (2.5-3.5x Medicare)
Scottsdale Healthcare - Shea,Scottsdale,AZ,Voluntary non-profit,4,85025,Complete Blood Count (CBC),Aetna,236.23,34.33,25.18,11,2.29,Commercial,2: Mid (1.5-2.5x Medicare)
Scottsdale Healthcare - Shea,Scottsdale,AZ,Voluntary non-profit,4,85025,Complete Blood Count (CBC),UnitedHealthcare,236.23,34.33,22.19,11,2.02,Commercial,2: Mid (1.5-2.5x Medicare)
Scottsdale Healthcare - Shea,Scottsdale,AZ,Voluntary non-profit,4,85025,Complete Blood Count (CBC),Cigna,236.23,34.33,33.5,11,3.05,Commercial,3: High (2.5-3.5x Medicare)
Scottsdale Healthcare - Shea,Scottsdale,AZ,Voluntary non-profit,4,85025,Complete Blood Count (CBC),Humana,236.23,34.33,26.22,11,2.38,Commercial,2: Mid (1.5-2.5x Medicare)
Scottsdale Healthcare - Shea,Scottsdale,AZ,Voluntary non-profit,4,85025,Complete Blood Count (CBC),Medicare,236.23,34.33,11.55,11,1.05,Government,1: Low (<1.5x Medicare)
Scottsdale Healthcare - Shea,Scottsdale,AZ,Voluntary non-profit,4,85025,Complete Blood Count (CBC),Medicaid/AHCCCS,236.23,34.33,8.0,11,0.73,Government,1: Low (<1.5x Medicare)
Scottsdale Healthcare - Shea,Scottsdale,AZ,Voluntary non-profit,4,85025,Complete Blood Count (CBC),Cash/Self-Pay,236.23,34.33,34.33,11,3.12,Cash,3: High (2.5-3.5x Medicare)
Scottsdale Healthcare - Shea,Scottsdale,AZ,Voluntary non-profit,4,80053,Comprehensive Metabolic Panel,Blue Cross Blue Shield of Arizona,300.17,39.42,33.22,14,2.37,Commercial,2: Mid (1.5-2.5x Medicare)
Scottsdale Healthcare - Shea,Scottsdale,AZ,Voluntary non-profit,4,80053,Comprehensive Metabolic Panel,Aetna,300.17,39.42,33.97,14,2.43,Commercial,2: Mid (1.5-2.5x Medicare)
Scottsdale Healthcare - Shea,Scottsdale,AZ,Voluntary non-profit,4,80053,Comprehensive Metabolic Panel,UnitedHealthcare,300.17,39.42,27.91,14,1.99,Commercial,2: Mid (1.5-2.5x Medicare)
Scottsdale Healthcare - Shea,Scottsdale,AZ,Voluntary non-profit,4,80053,Comprehensive Metabolic Panel,Cigna,300.17,39.42,34.46,14,2.46,Commercial,2: Mid (1.5-2.5x Medicare)
Scottsdale Healthcare - Shea,Scottsdale,AZ,Voluntary non-profit,4,80053,Comprehensive Metabolic Panel,Humana,300.17,39.42,38.95,14,2.78,Commercial,3: High (2.5-3.5x Medicare)
Scottsdale Healthcare - Shea,Scottsdale,AZ,Voluntary non-profit,4,80053,Comprehensive Metabolic Panel,Medicare,300.17,39.42,13.98,14,1.0,Government,1: Low (<1.5x Medicare)
Scottsdale Healthcare - Shea,Scottsdale,AZ,Voluntary non-profit,4,80053,Comprehensive Metabolic Panel,Medicaid/AHCCCS,300.17,39.42,10.17,14,0.73,Government,1: Low (<1.5x Medicare)
Scottsdale Healthcare - Shea,Scottsdale,AZ,Voluntary non-profit,4,80053,Comprehensive Metabolic Panel,Cash/Self-Pay,300.17,39.42,39.42,14,2.82,Cash,3: High (2.5-3.5x Medicare)
Scottsdale Healthcare - Shea,Scottsdale,AZ,Voluntary non-profit,4,36415,Blood Draw,Blue Cross Blue Shield of Arizona,43.44,8.59,8.94,3,2.98,Commercial,3: High (2.5-3.5x Medicare)
Scottsdale Healthcare - Shea,Scottsdale,AZ,Voluntary non-profit,4,36415,Blood Draw,Aetna,43.44,8.59,6.09,3,2.03,Commercial,2: Mid (1.5-2.5x Medicare)
Scottsdale Healthcare - Shea,Scottsdale,AZ,Voluntary non-profit,4,36415,Blood Draw,UnitedHealthcare,43.44,8.59,7.38,3,2.46,Commercial,2: Mid (1.5-2.5x Medicare)
Scottsdale Healthcare - Shea,Scottsdale,AZ,Voluntary non-profit,4,36415,Blood Draw,Cigna,43.44,8.59,8.25,3,2.75,Commercial,3: High (2.5-3.5x Medicare)
Scottsdale Healthcare - Shea,Scottsdale,AZ,Voluntary non-profit,4,36415,Blood Draw,Humana,43.44,8.59,7.76,3,2.59,Commercial,3: High (2.5-3.5x Medicare)
Scottsdale Healthcare - Shea,Scottsdale,AZ,Voluntary non-profit,4,36415,Blood Draw,Medicare,43.44,8.59,2.93,3,0.98,Government,1: Low (<1.5x Medicare)
Scottsdale Healthcare - Shea,Scottsdale,AZ,Voluntary non-profit,4,36415,Blood Draw,Medicaid/AHCCCS,43.44,8.59,2.22,3,0.74,Government,1: Low (<1.5x Medicare)
Scottsdale Healthcare - Shea,Scottsdale,AZ,Voluntary non-profit,4,36415,Blood Draw,Cash/Self-Pay,43.44,8.59,8.59,3,2.86,Cash,3: High (2.5-3.5x Medicare)
Scottsdale Healthcare - Shea,Scottsdale,AZ,Voluntary non-profit,4,99213,Office Visit (Established Patient),Blue Cross Blue Shield of Arizona,1637.12,303.06,335.99,115,2.92,Commercial,3: High (2.5-3.5x Medicare)
Scottsdale Healthcare - Shea,Scottsdale,AZ,Voluntary non-profit,4,99213,Office Visit (Established Patient),Aetna,1637.12,303.06,301.49,115,2.62,Commercial,3: High (2.5-3.5x Medicare)
Scottsdale Healthcare - Shea,Scottsdale,AZ,Voluntary non-profit,4,99213,Office Visit (Established Patient),UnitedHealthcare,1637.12,303.06,299.3,115,2.6,Commercial,3: High (2.5-3.5x Medicare)
Scottsdale Healthcare - Shea,Scottsdale,AZ,Voluntary non-profit,4,99213,Office Visit (Established Patient),Cigna,1637.12,303.06,314.41,115,2.73,Commercial,3: High (2.5-3.5x Medicare)
Scottsdale Healthcare - Shea,Scottsdale,AZ,Voluntary non-profit,4,99213,Office Visit (Established Patient),Humana,1637.12,303.06,339.91,115,2.96,Commercial,3: High (2.5-3.5x Medicare)
Scottsdale Healthcare - Shea,Scottsdale,AZ,Voluntary non-profit,4,99213,Office Visit (Established Patient),Medicare,1637.12,303.06,111.91,115,0.97,Government,1: Low (<1.5x Medicare)
Scottsdale Healthcare - Shea,Scottsdale,AZ,Voluntary non-profit,4,99213,Office Visit (Established Patient),Medicaid/AHCCCS,1637.12,303.06,101.14,115,0.88,Government,1: Low (<1.5x Medicare)
Scottsdale Healthcare - Shea,Scottsdale,AZ,Voluntary non-profit,4,99213,Office Visit (Established Patient),Cash/Self-Pay,1637.12,303.06,303.06,115,2.64,Cash,3: High (2.5-3.5x Medicare)
Scottsdale Healthcare - Shea,Scottsdale,AZ,Voluntary non-profit,4,99283,Emergency Dept Visit (Moderate),Blue Cross Blue Shield of Arizona,2677.04,457.99,442.6,186,2.38,Commercial,2: Mid (1.5-2.5x Medicare)
Scottsdale Healthcare - Shea,Scottsdale,AZ,Voluntary non-profit,4,99283,Emergency Dept Visit (Moderate),Aetna,2677.04,457.99,441.77,186,2.38,Commercial,2: Mid (1.5-2.5x Medicare)
Scottsdale Healthcare - Shea,Scottsdale,AZ,Voluntary non-profit,4,99283,Emergency Dept Visit (Moderate),UnitedHealthcare,2677.04,457.99,509.32,186,2.74,Commercial,3: High (2.5-3.5x Medicare)
Scottsdale Healthcare - Shea,Scottsdale,AZ,Voluntary non-profit,4,99283,Emergency Dept Visit (Moderate),Cigna,2677.04,457.99,548.35,186,2.95,Commercial,3: High (2.5-3.5x Medicare)
Scottsdale Healthcare - Shea,Scottsdale,AZ,Voluntary non-profit,4,99283,Emergency Dept Visit (Moderate),Humana,2677.04,457.99,519.73,186,2.79,Commercial,3: High (2.5-3.5x Medicare)
Scottsdale Healthcare - Shea,Scottsdale,AZ,Voluntary non-profit,4,99283,Emergency Dept Visit (Moderate),Medicare,2677.04,457.99,184.24,186,0.99,Government,1: Low (<1.5x Medicare)
Scottsdale Healthcare - Shea,Scottsdale,AZ,Voluntary non-profit,4,99283,Emergency Dept Visit (Moderate),Medicaid/AHCCCS,2677.04,457.99,140.21,186,0.75,Government,1: Low (<1.5x Medicare)
Scottsdale Healthcare - Shea,Scottsdale,AZ,Voluntary non-profit,4,99283,Emergency Dept Visit (Moderate),Cash/Self-Pay,2677.04,457.99,457.99,186,2.46,Cash,2: Mid (1.5-2.5x Medicare)
Scottsdale Healthcare - Shea,Scottsdale,AZ,Voluntary non-profit,4,27447,Total Knee Replacement,Blue Cross Blue Shield of Arizona,21480.17,5755.97,5411.25,1600,3.38,Commercial,3: High (2.5-3.5x Medicare)
Scottsdale Healthcare - Shea,Scottsdale,AZ,Voluntary non-profit,4,27447,Total Knee Replacement,Aetna,21480.17,5755.97,3923.22,1600,2.45,Commercial,2: Mid (1.5-2.5x Medicare)
Scottsdale Healthcare - Shea,Scottsdale,AZ,Voluntary non-profit,4,27447,Total Knee Replacement,UnitedHealthcare,21480.17,5755.97,4432.95,1600,2.77,Commercial,3: High (2.5-3.5x Medicare)
Scottsdale Healthcare - Shea,Scottsdale,AZ,Voluntary non-profit,4,27447,Total Knee Replacement,Cigna,21480.17,5755.97,4635.87,1600,2.9,Commercial,3: High (2.5-3.5x Medicare)
Scottsdale Healthcare - Shea,Scottsdale,AZ,Voluntary non-profit,4,27447,Total Knee Replacement,Humana,21480.17,5755.97,3270.31,1600,2.04,Commercial,2: Mid (1.5-2.5x Medicare)
Scottsdale Healthcare - Shea,Scottsdale,AZ,Voluntary non-profit,4,27447,Total Knee Replacement,Medicare,21480.17,5755.97,1648.38,1600,1.03,Government,1: Low (<1.5x Medicare)
Scottsdale Healthcare - Shea,Scottsdale,AZ,Voluntary non-profit,4,27447,Total Knee Replacement,Medicaid/AHCCCS,21480.17,5755.97,1395.65,1600,0.87,Government,1: Low (<1.5x Medicare)
Scottsdale Healthcare - Shea,Scottsdale,AZ,Voluntary non-profit,4,27447,Total Knee Replacement,Cash/Self-Pay,21480.17,5755.97,5755.97,1600,3.6,Cash,4: Very High (>3.5x Medicare)
Scottsdale Healthcare - Shea,Scottsdale,AZ,Voluntary non-profit,4,27130,Total Hip Replacement,Blue Cross Blue Shield of Arizona,19148.91,6084.81,4059.44,1545,2.63,Commercial,3: High (2.5-3.5x Medicare)
Scottsdale Healthcare - Shea,Scottsdale,AZ,Voluntary non-profit,4,27130,Total Hip Replacement,Aetna,19148.91,6084.81,3334.15,1545,2.16,Commercial,2: Mid (1.5-2.5x Medicare)
Scottsdale Healthcare - Shea,Scottsdale,AZ,Voluntary non-profit,4,27130,Total Hip Replacement,UnitedHealthcare,19148.91,6084.81,2880.44,1545,1.86,Commercial,2: Mid (1.5-2.5x Medicare)
Scottsdale Healthcare - Shea,Scottsdale,AZ,Voluntary non-profit,4,27130,Total Hip Replacement,Cigna,19148.91,6084.81,4192.48,1545,2.71,Commercial,3: High (2.5-3.5x Medicare)
Scottsdale Healthcare - Shea,Scottsdale,AZ,Voluntary non-profit,4,27130,Total Hip Replacement,Humana,19148.91,6084.81,4473.51,1545,2.9,Commercial,3: High (2.5-3.5x Medicare)
Scottsdale Healthcare - Shea,Scottsdale,AZ,Voluntary non-profit,4,27130,Total Hip Replacement,Medicare,19148.91,6084.81,1484.03,1545,0.96,Government,1: Low (<1.5x Medicare)
Scottsdale Healthcare - Shea,Scottsdale,AZ,Voluntary non-profit,4,27130,Total Hip Replacement,Medicaid/AHCCCS,19148.91,6084.81,1340.71,1545,0.87,Government,1: Low (<1.5x Medicare)
Scottsdale Healthcare - Shea,Scottsdale,AZ,Voluntary non-profit,4,27130,Total Hip Replacement,Cash/Self-Pay,19148.91,6084.81,6084.81,1545,3.94,Cash,4: Very High (>3.5x Medicare)
Scottsdale Healthcare - Shea,Scottsdale,AZ,Voluntary non-profit,4,43239,Upper GI Endoscopy,Blue Cross Blue Shield of Arizona,13075.93,2095.04,1635.19,612,2.67,Commercial,3: High (2.5-3.5x Medicare)
Scottsdale Healthcare - Shea,Scottsdale,AZ,Voluntary non-profit,4,43239,Upper GI Endoscopy,Aetna,13075.93,2095.04,1930.06,612,3.15,Commercial,3: High (2.5-3.5x Medicare)
Scottsdale Healthcare - Shea,Scottsdale,AZ,Voluntary non-profit,4,43239,Upper GI Endoscopy,UnitedHealthcare,13075.93,2095.04,1671.13,612,2.73,Commercial,3: High (2.5-3.5x Medicare)
Scottsdale Healthcare - Shea,Scottsdale,AZ,Voluntary non-profit,4,43239,Upper GI Endoscopy,Cigna,13075.93,2095.04,1508.18,612,2.46,Commercial,2: Mid (1.5-2.5x Medicare)
Scottsdale Healthcare - Shea,Scottsdale,AZ,Voluntary non-profit,4,43239,Upper GI Endoscopy,Humana,13075.93,2095.04,1264.42,612,2.07,Commercial,2: Mid (1.5-2.5x Medicare)
Scottsdale Healthcare - Shea,Scottsdale,AZ,Voluntary non-profit,4,43239,Upper GI Endoscopy,Medicare,13075.93,2095.04,596.7,612,0.97,Government,1: Low (<1.5x Medicare)
Scottsdale Healthcare - Shea,Scottsdale,AZ,Voluntary non-profit,4,43239,Upper GI Endoscopy,Medicaid/AHCCCS,13075.93,2095.04,437.38,612,0.71,Government,1: Low (<1.5x Medicare)
Scottsdale Healthcare - Shea,Scottsdale,AZ,Voluntary non-profit,4,43239,Upper GI Endoscopy,Cash/Self-Pay,13075.93,2095.04,2095.04,612,3.42,Cash,3: High (2.5-3.5x Medicare)
Scottsdale Healthcare - Shea,Scottsdale,AZ,Voluntary non-profit,4,45378,Colonoscopy,Blue Cross Blue Shield of Arizona,10446.96,1583.35,1347.93,492,2.74,Commercial,3: High (2.5-3.5x Medicare)
Scottsdale Healthcare - Shea,Scottsdale,AZ,Voluntary non-profit,4,45378,Colonoscopy,Aetna,10446.96,1583.35,1254.42,492,2.55,Commercial,3: High (2.5-3.5x Medicare)
Scottsdale Healthcare - Shea,Scottsdale,AZ,Voluntary non-profit,4,45378,Colonoscopy,UnitedHealthcare,10446.96,1583.35,1142.58,492,2.32,Commercial,2: Mid (1.5-2.5x Medicare)
Scottsdale Healthcare - Shea,Scottsdale,AZ,Voluntary non-profit,4,45378,Colonoscopy,Cigna,10446.96,1583.35,984.15,492,2.0,Commercial,2: Mid (1.5-2.5x Medicare)
Scottsdale Healthcare - Shea,Scottsdale,AZ,Voluntary non-profit,4,45378,Colonoscopy,Humana,10446.96,1583.35,1362.27,492,2.77,Commercial,3: High (2.5-3.5x Medicare)
Scottsdale Healthcare - Shea,Scottsdale,AZ,Voluntary non-profit,4,45378,Colonoscopy,Medicare,10446.96,1583.35,488.58,492,0.99,Government,1: Low (<1.5x Medicare)
Scottsdale Healthcare - Shea,Scottsdale,AZ,Voluntary non-profit,4,45378,Colonoscopy,Medicaid/AHCCCS,10446.96,1583.35,356.12,492,0.72,Government,1: Low (<1.5x Medicare)
Scottsdale Healthcare - Shea,Scottsdale,AZ,Voluntary non-profit,4,45378,Colonoscopy,Cash/Self-Pay,10446.96,1583.35,1583.35,492,3.22,Cash,3: High (2.5-3.5x Medicare)
Scottsdale Healthcare - Shea,Scottsdale,AZ,Voluntary non-profit,4,59510,Cesarean Section,Blue Cross Blue Shield of Arizona,39268.9,5713.86,5643.27,2100,2.69,Commercial,3: High (2.5-3.5x Medicare)
Scottsdale Healthcare - Shea,Scottsdale,AZ,Voluntary non-profit,4,59510,Cesarean Section,Aetna,39268.9,5713.86,4335.65,2100,2.06,Commercial,2: Mid (1.5-2.5x Medicare)
Scottsdale Healthcare - Shea,Scottsdale,AZ,Voluntary non-profit,4,59510,Cesarean Section,UnitedHealthcare,39268.9,5713.86,5482.48,2100,2.61,Commercial,3: High (2.5-3.5x Medicare)
Scottsdale Healthcare - Shea,Scottsdale,AZ,Voluntary non-profit,4,59510,Cesarean Section,Cigna,39268.9,5713.86,6899.53,2100,3.29,Commercial,3: High (2.5-3.5x Medicare)
Scottsdale Healthcare - Shea,Scottsdale,AZ,Voluntary non-profit,4,59510,Cesarean Section,Humana,39268.9,5713.86,6150.98,2100,2.93,Commercial,3: High (2.5-3.5x Medicare)
Scottsdale Healthcare - Shea,Scottsdale,AZ,Voluntary non-profit,4,59510,Cesarean Section,Medicare,39268.9,5713.86,2143.34,2100,1.02,Government,1: Low (<1.5x Medicare)
Scottsdale Healthcare - Shea,Scottsdale,AZ,Voluntary non-profit,4,59510,Cesarean Section,Medicaid/AHCCCS,39268.9,5713.86,1615.14,2100,0.77,Government,1: Low (<1.5x Medicare)
Scottsdale Healthcare - Shea,Scottsdale,AZ,Voluntary non-profit,4,59510,Cesarean Section,Cash/Self-Pay,39268.9,5713.86,5713.86,2100,2.72,Cash,3: High (2.5-3.5x Medicare)
Tucson Medical Center,Tucson,AZ,Voluntary non-profit,3,70553,MRI Brain with Contrast,Blue Cross Blue Shield of Arizona,4498.96,664.3,1455.98,446,3.26,Commercial,3: High (2.5-3.5x Medicare)
Tucson Medical Center,Tucson,AZ,Voluntary non-profit,3,70553,MRI Brain with Contrast,Aetna,4498.96,664.3,928.49,446,2.08,Commercial,2: Mid (1.5-2.5x Medicare)
Tucson Medical Center,Tucson,AZ,Voluntary non-profit,3,70553,MRI Brain with Contrast,UnitedHealthcare,4498.96,664.3,1287.32,446,2.89,Commercial,3: High (2.5-3.5x Medicare)
Tucson Medical Center,Tucson,AZ,Voluntary non-profit,3,70553,MRI Brain with Contrast,Cigna,4498.96,664.3,1064.82,446,2.39,Commercial,2: Mid (1.5-2.5x Medicare)
Tucson Medical Center,Tucson,AZ,Voluntary non-profit,3,70553,MRI Brain with Contrast,Humana,4498.96,664.3,885.15,446,1.98,Commercial,2: Mid (1.5-2.5x Medicare)
Tucson Medical Center,Tucson,AZ,Voluntary non-profit,3,70553,MRI Brain with Contrast,Medicare,4498.96,664.3,432.18,446,0.97,Government,1: Low (<1.5x Medicare)
Tucson Medical Center,Tucson,AZ,Voluntary non-profit,3,70553,MRI Brain with Contrast,Medicaid/AHCCCS,4498.96,664.3,385.46,446,0.86,Government,1: Low (<1.5x Medicare)
Tucson Medical Center,Tucson,AZ,Voluntary non-profit,3,70553,MRI Brain with Contrast,Cash/Self-Pay,4498.96,664.3,664.3,446,1.49,Cash,1: Low (<1.5x Medicare)
Tucson Medical Center,Tucson,AZ,Voluntary non-profit,3,71250,CT Chest,Blue Cross Blue Shield of Arizona,3589.95,405.66,1073.93,312,3.44,Commercial,3: High (2.5-3.5x Medicare)
Tucson Medical Center,Tucson,AZ,Voluntary non-profit,3,71250,CT Chest,Aetna,3589.95,405.66,912.08,312,2.92,Commercial,3: High (2.5-3.5x Medicare)
Tucson Medical Center,Tucson,AZ,Voluntary non-profit,3,71250,CT Chest,UnitedHealthcare,3589.95,405.66,669.79,312,2.15,Commercial,2: Mid (1.5-2.5x Medicare)
Tucson Medical Center,Tucson,AZ,Voluntary non-profit,3,71250,CT Chest,Cigna,3589.95,405.66,749.86,312,2.4,Commercial,2: Mid (1.5-2.5x Medicare)
Tucson Medical Center,Tucson,AZ,Voluntary non-profit,3,71250,CT Chest,Humana,3589.95,405.66,625.54,312,2.0,Commercial,2: Mid (1.5-2.5x Medicare)
Tucson Medical Center,Tucson,AZ,Voluntary non-profit,3,71250,CT Chest,Medicare,3589.95,405.66,309.3,312,0.99,Government,1: Low (<1.5x Medicare)
Tucson Medical Center,Tucson,AZ,Voluntary non-profit,3,71250,CT Chest,Medicaid/AHCCCS,3589.95,405.66,220.88,312,0.71,Government,1: Low (<1.5x Medicare)
Tucson Medical Center,Tucson,AZ,Voluntary non-profit,3,71250,CT Chest,Cash/Self-Pay,3589.95,405.66,405.66,312,1.3,Cash,1: Low (<1.5x Medicare)
Tucson Medical Center,Tucson,AZ,Voluntary non-profit,3,74177,CT Abdomen & Pelvis,Blue Cross Blue Shield of Arizona,3417.62,917.68,1338.05,389,3.44,Commercial,3: High (2.5-3.5x Medicare)
Tucson Medical Center,Tucson,AZ,Voluntary non-profit,3,74177,CT Abdomen & Pelvis,Aetna,3417.62,917.68,1134.41,389,2.92,Commercial,3: High (2.5-3.5x Medicare)
Tucson Medical Center,Tucson,AZ,Voluntary non-profit,3,74177,CT Abdomen & Pelvis,UnitedHealthcare,3417.62,917.68,789.83,389,2.03,Commercial,2: Mid (1.5-2.5x Medicare)
Tucson Medical Center,Tucson,AZ,Voluntary non-profit,3,74177,CT Abdomen & Pelvis,Cigna,3417.62,917.68,812.91,389,2.09,Commercial,2: Mid (1.5-2.5x Medicare)
Tucson Medical Center,Tucson,AZ,Voluntary non-profit,3,74177,CT Abdomen & Pelvis,Humana,3417.62,917.68,1119.25,389,2.88,Commercial,3: High (2.5-3.5x Medicare)
Tucson Medical Center,Tucson,AZ,Voluntary non-profit,3,74177,CT Abdomen & Pelvis,Medicare,3417.62,917.68,374.7,389,0.96,Government,1: Low (<1.5x Medicare)
Tucson Medical Center,Tucson,AZ,Voluntary non-profit,3,74177,CT Abdomen & Pelvis,Medicaid/AHCCCS,3417.62,917.68,287.6,389,0.74,Government,1: Low (<1.5x Medicare)
Tucson Medical Center,Tucson,AZ,Voluntary non-profit,3,74177,CT Abdomen & Pelvis,Cash/Self-Pay,3417.62,917.68,917.68,389,2.36,Cash,2: Mid (1.5-2.5x Medicare)
Tucson Medical Center,Tucson,AZ,Voluntary non-profit,3,93000,Electrocardiogram (ECG),Blue Cross Blue Shield of Arizona,235.72,43.91,85.0,28,3.04,Commercial,3: High (2.5-3.5x Medicare)
Tucson Medical Center,Tucson,AZ,Voluntary non-profit,3,93000,Electrocardiogram (ECG),Aetna,235.72,43.91,82.91,28,2.96,Commercial,3: High (2.5-3.5x Medicare)
Tucson Medical Center,Tucson,AZ,Voluntary non-profit,3,93000,Electrocardiogram (ECG),UnitedHealthcare,235.72,43.91,73.59,28,2.63,Commercial,3: High (2.5-3.5x Medicare)
Tucson Medical Center,Tucson,AZ,Voluntary non-profit,3,93000,Electrocardiogram (ECG),Cigna,235.72,43.91,61.36,28,2.19,Commercial,2: Mid (1.5-2.5x Medicare)
Tucson Medical Center,Tucson,AZ,Voluntary non-profit,3,93000,Electrocardiogram (ECG),Humana,235.72,43.91,63.54,28,2.27,Commercial,2: Mid (1.5-2.5x Medicare)
Tucson Medical Center,Tucson,AZ,Voluntary non-profit,3,93000,Electrocardiogram (ECG),Medicare,235.72,43.91,27.05,28,0.97,Government,1: Low (<1.5x Medicare)
Tucson Medical Center,Tucson,AZ,Voluntary non-profit,3,93000,Electrocardiogram (ECG),Medicaid/AHCCCS,235.72,43.91,25.01,28,0.89,Government,1: Low (<1.5x Medicare)
Tucson Medical Center,Tucson,AZ,Voluntary non-profit,3,93000,Electrocardiogram (ECG),Cash/Self-Pay,235.72,43.91,43.91,28,1.57,Cash,2: Mid (1.5-2.5x Medicare)
Tucson Medical Center,Tucson,AZ,Voluntary non-profit,3,85025,Complete Blood Count (CBC),Blue Cross Blue Shield of Arizona,89.1,23.11,32.02,11,2.91,Commercial,3: High (2.5-3.5x Medicare)
Tucson Medical Center,Tucson,AZ,Voluntary non-profit,3,85025,Complete Blood Count (CBC),Aetna,89.1,23.11,26.33,11,2.39,Commercial,2: Mid (1.5-2.5x Medicare)
Tucson Medical Center,Tucson,AZ,Voluntary non-profit,3,85025,Complete Blood Count (CBC),UnitedHealthcare,89.1,23.11,31.43,11,2.86,Commercial,3: High (2.5-3.5x Medicare)
Tucson Medical Center,Tucson,AZ,Voluntary non-profit,3,85025,Complete Blood Count (CBC),Cigna,89.1,23.11,28.06,11,2.55,Commercial,3: High (2.5-3.5x Medicare)
Tucson Medical Center,Tucson,AZ,Voluntary non-profit,3,85025,Complete Blood Count (CBC),Humana,89.1,23.11,28.41,11,2.58,Commercial,3: High (2.5-3.5x Medicare)
Tucson Medical Center,Tucson,AZ,Voluntary non-profit,3,85025,Complete Blood Count (CBC),Medicare,89.1,23.11,11.34,11,1.03,Government,1: Low (<1.5x Medicare)
Tucson Medical Center,Tucson,AZ,Voluntary non-profit,3,85025,Complete Blood Count (CBC),Medicaid/AHCCCS,89.1,23.11,8.45,11,0.77,Government,1: Low (<1.5x Medicare)
Tucson Medical Center,Tucson,AZ,Voluntary non-profit,3,85025,Complete Blood Count (CBC),Cash/Self-Pay,89.1,23.11,23.11,11,2.1,Cash,2: Mid (1.5-2.5x Medicare)
Tucson Medical Center,Tucson,AZ,Voluntary non-profit,3,80053,Comprehensive Metabolic Panel,Blue Cross Blue Shield of Arizona,145.48,31.22,37.41,14,2.67,Commercial,3: High (2.5-3.5x Medicare)
Tucson Medical Center,Tucson,AZ,Voluntary non-profit,3,80053,Comprehensive Metabolic Panel,Aetna,145.48,31.22,34.64,14,2.47,Commercial,2: Mid (1.5-2.5x Medicare)
Tucson Medical Center,Tucson,AZ,Voluntary non-profit,3,80053,Comprehensive Metabolic Panel,UnitedHealthcare,145.48,31.22,35.86,14,2.56,Commercial,3: High (2.5-3.5x Medicare)
Tucson Medical Center,Tucson,AZ,Voluntary non-profit,3,80053,Comprehensive Metabolic Panel,Cigna,145.48,31.22,36.78,14,2.63,Commercial,3: High (2.5-3.5x Medicare)
Tucson Medical Center,Tucson,AZ,Voluntary non-profit,3,80053,Comprehensive Metabolic Panel,Humana,145.48,31.22,41.69,14,2.98,Commercial,3: High (2.5-3.5x Medicare)
Tucson Medical Center,Tucson,AZ,Voluntary non-profit,3,80053,Comprehensive Metabolic Panel,Medicare,145.48,31.22,14.29,14,1.02,Government,1: Low (<1.5x Medicare)
Tucson Medical Center,Tucson,AZ,Voluntary non-profit,3,80053,Comprehensive Metabolic Panel,Medicaid/AHCCCS,145.48,31.22,10.51,14,0.75,Government,1: Low (<1.5x Medicare)
Tucson Medical Center,Tucson,AZ,Voluntary non-profit,3,80053,Comprehensive Metabolic Panel,Cash/Self-Pay,145.48,31.22,31.22,14,2.23,Cash,2: Mid (1.5-2.5x Medicare)
Tucson Medical Center,Tucson,AZ,Voluntary non-profit,3,36415,Blood Draw,Blue Cross Blue Shield of Arizona,31.57,4.07,7.4,3,2.47,Commercial,2: Mid (1.5-2.5x Medicare)
Tucson Medical Center,Tucson,AZ,Voluntary non-profit,3,36415,Blood Draw,Aetna,31.57,4.07,7.98,3,2.66,Commercial,3: High (2.5-3.5x Medicare)
Tucson Medical Center,Tucson,AZ,Voluntary non-profit,3,36415,Blood Draw,UnitedHealthcare,31.57,4.07,7.46,3,2.49,Commercial,2: Mid (1.5-2.5x Medicare)
Tucson Medical Center,Tucson,AZ,Voluntary non-profit,3,36415,Blood Draw,Cigna,31.57,4.07,9.18,3,3.06,Commercial,3: High (2.5-3.5x Medicare)
Tucson Medical Center,Tucson,AZ,Voluntary non-profit,3,36415,Blood Draw,Humana,31.57,4.07,6.02,3,2.01,Commercial,2: Mid (1.5-2.5x Medicare)
Tucson Medical Center,Tucson,AZ,Voluntary non-profit,3,36415,Blood Draw,Medicare,31.57,4.07,3.1,3,1.03,Government,1: Low (<1.5x Medicare)
Tucson Medical Center,Tucson,AZ,Voluntary non-profit,3,36415,Blood Draw,Medicaid/AHCCCS,31.57,4.07,2.21,3,0.74,Government,1: Low (<1.5x Medicare)
Tucson Medical Center,Tucson,AZ,Voluntary non-profit,3,36415,Blood Draw,Cash/Self-Pay,31.57,4.07,4.07,3,1.36,Cash,1: Low (<1.5x Medicare)
Tucson Medical Center,Tucson,AZ,Voluntary non-profit,3,99213,Office Visit (Established Patient),Blue Cross Blue Shield of Arizona,1191.1,161.68,358.64,115,3.12,Commercial,3: High (2.5-3.5x Medicare)
Tucson Medical Center,Tucson,AZ,Voluntary non-profit,3,99213,Office Visit (Established Patient),Aetna,1191.1,161.68,307.24,115,2.67,Commercial,3: High (2.5-3.5x Medicare)
Tucson Medical Center,Tucson,AZ,Voluntary non-profit,3,99213,Office Visit (Established Patient),UnitedHealthcare,1191.1,161.68,279.81,115,2.43,Commercial,2: Mid (1.5-2.5x Medicare)
Tucson Medical Center,Tucson,AZ,Voluntary non-profit,3,99213,Office Visit (Established Patient),Cigna,1191.1,161.68,314.38,115,2.73,Commercial,3: High (2.5-3.5x Medicare)
Tucson Medical Center,Tucson,AZ,Voluntary non-profit,3,99213,Office Visit (Established Patient),Humana,1191.1,161.68,345.82,115,3.01,Commercial,3: High (2.5-3.5x Medicare)
Tucson Medical Center,Tucson,AZ,Voluntary non-profit,3,99213,Office Visit (Established Patient),Medicare,1191.1,161.68,116.05,115,1.01,Government,1: Low (<1.5x Medicare)
Tucson Medical Center,Tucson,AZ,Voluntary non-profit,3,99213,Office Visit (Established Patient),Medicaid/AHCCCS,1191.1,161.68,84.92,115,0.74,Government,1: Low (<1.5x Medicare)
Tucson Medical Center,Tucson,AZ,Voluntary non-profit,3,99213,Office Visit (Established Patient),Cash/Self-Pay,1191.1,161.68,161.68,115,1.41,Cash,1: Low (<1.5x Medicare)
Tucson Medical Center,Tucson,AZ,Voluntary non-profit,3,99283,Emergency Dept Visit (Moderate),Blue Cross Blue Shield of Arizona,2368.37,364.24,554.88,186,2.98,Commercial,3: High (2.5-3.5x Medicare)
Tucson Medical Center,Tucson,AZ,Voluntary non-profit,3,99283,Emergency Dept Visit (Moderate),Aetna,2368.37,364.24,413.47,186,2.22,Commercial,2: Mid (1.5-2.5x Medicare)
Tucson Medical Center,Tucson,AZ,Voluntary non-profit,3,99283,Emergency Dept Visit (Moderate),UnitedHealthcare,2368.37,364.24,412.25,186,2.22,Commercial,2: Mid (1.5-2.5x Medicare)
Tucson Medical Center,Tucson,AZ,Voluntary non-profit,3,99283,Emergency Dept Visit (Moderate),Cigna,2368.37,364.24,486.8,186,2.62,Commercial,3: High (2.5-3.5x Medicare)
Tucson Medical Center,Tucson,AZ,Voluntary non-profit,3,99283,Emergency Dept Visit (Moderate),Humana,2368.37,364.24,372.46,186,2.0,Commercial,2: Mid (1.5-2.5x Medicare)
Tucson Medical Center,Tucson,AZ,Voluntary non-profit,3,99283,Emergency Dept Visit (Moderate),Medicare,2368.37,364.24,186.33,186,1.0,Government,1: Low (<1.5x Medicare)
Tucson Medical Center,Tucson,AZ,Voluntary non-profit,3,99283,Emergency Dept Visit (Moderate),Medicaid/AHCCCS,2368.37,364.24,153.05,186,0.82,Government,1: Low (<1.5x Medicare)
Tucson Medical Center,Tucson,AZ,Voluntary non-profit,3,99283,Emergency Dept Visit (Moderate),Cash/Self-Pay,2368.37,364.24,364.24,186,1.96,Cash,2: Mid (1.5-2.5x Medicare)
Tucson Medical Center,Tucson,AZ,Voluntary non-profit,3,27447,Total Knee Replacement,Blue Cross Blue Shield of Arizona,13455.85,2863.23,4412.63,1600,2.76,Commercial,3: High (2.5-3.5x Medicare)
Tucson Medical Center,Tucson,AZ,Voluntary non-profit,3,27447,Total Knee Replacement,Aetna,13455.85,2863.23,4675.99,1600,2.92,Commercial,3: High (2.5-3.5x Medicare)
Tucson Medical Center,Tucson,AZ,Voluntary non-profit,3,27447,Total Knee Replacement,UnitedHealthcare,13455.85,2863.23,3106.51,1600,1.94,Commercial,2: Mid (1.5-2.5x Medicare)
Tucson Medical Center,Tucson,AZ,Voluntary non-profit,3,27447,Total Knee Replacement,Cigna,13455.85,2863.23,4134.08,1600,2.58,Commercial,3: High (2.5-3.5x Medicare)
Tucson Medical Center,Tucson,AZ,Voluntary non-profit,3,27447,Total Knee Replacement,Humana,13455.85,2863.23,3231.03,1600,2.02,Commercial,2: Mid (1.5-2.5x Medicare)
Tucson Medical Center,Tucson,AZ,Voluntary non-profit,3,27447,Total Knee Replacement,Medicare,13455.85,2863.23,1674.6,1600,1.05,Government,1: Low (<1.5x Medicare)
Tucson Medical Center,Tucson,AZ,Voluntary non-profit,3,27447,Total Knee Replacement,Medicaid/AHCCCS,13455.85,2863.23,1430.42,1600,0.89,Government,1: Low (<1.5x Medicare)
Tucson Medical Center,Tucson,AZ,Voluntary non-profit,3,27447,Total Knee Replacement,Cash/Self-Pay,13455.85,2863.23,2863.23,1600,1.79,Cash,2: Mid (1.5-2.5x Medicare)
Tucson Medical Center,Tucson,AZ,Voluntary non-profit,3,27130,Total Hip Replacement,Blue Cross Blue Shield of Arizona,22753.88,2983.41,4806.69,1545,3.11,Commercial,3: High (2.5-3.5x Medicare)
Tucson Medical Center,Tucson,AZ,Voluntary non-profit,3,27130,Total Hip Replacement,Aetna,22753.88,2983.41,3679.65,1545,2.38,Commercial,2: Mid (1.5-2.5x Medicare)
Tucson Medical Center,Tucson,AZ,Voluntary non-profit,3,27130,Total Hip Replacement,UnitedHealthcare,22753.88,2983.41,3244.03,1545,2.1,Commercial,2: Mid (1.5-2.5x Medicare)
Tucson Medical Center,Tucson,AZ,Voluntary non-profit,3,27130,Total Hip Replacement,Cigna,22753.88,2983.41,5025.56,1545,3.25,Commercial,3: High (2.5-3.5x Medicare)
Tucson Medical Center,Tucson,AZ,Voluntary non-profit,3,27130,Total Hip Replacement,Humana,22753.88,2983.41,3169.32,1545,2.05,Commercial,2: Mid (1.5-2.5x Medicare)
Tucson Medical Center,Tucson,AZ,Voluntary non-profit,3,27130,Total Hip Replacement,Medicare,22753.88,2983.41,1586.15,1545,1.03,Government,1: Low (<1.5x Medicare)
Tucson Medical Center,Tucson,AZ,Voluntary non-profit,3,27130,Total Hip Replacement,Medicaid/AHCCCS,22753.88,2983.41,1207.08,1545,0.78,Government,1: Low (<1.5x Medicare)
Tucson Medical Center,Tucson,AZ,Voluntary non-profit,3,27130,Total Hip Replacement,Cash/Self-Pay,22753.88,2983.41,2983.41,1545,1.93,Cash,2: Mid (1.5-2.5x Medicare)
Tucson Medical Center,Tucson,AZ,Voluntary non-profit,3,43239,Upper GI Endoscopy,Blue Cross Blue Shield of Arizona,9104.03,1217.13,2061.84,612,3.37,Commercial,3: High (2.5-3.5x Medicare)
Tucson Medical Center,Tucson,AZ,Voluntary non-profit,3,43239,Upper GI Endoscopy,Aetna,9104.03,1217.13,1720.75,612,2.81,Commercial,3: High (2.5-3.5x Medicare)
Tucson Medical Center,Tucson,AZ,Voluntary non-profit,3,43239,Upper GI Endoscopy,UnitedHealthcare,9104.03,1217.13,1131.22,612,1.85,Commercial,2: Mid (1.5-2.5x Medicare)
Tucson Medical Center,Tucson,AZ,Voluntary non-profit,3,43239,Upper GI Endoscopy,Cigna,9104.03,1217.13,1385.93,612,2.26,Commercial,2: Mid (1.5-2.5x Medicare)
Tucson Medical Center,Tucson,AZ,Voluntary non-profit,3,43239,Upper GI Endoscopy,Humana,9104.03,1217.13,1762.55,612,2.88,Commercial,3: High (2.5-3.5x Medicare)
Tucson Medical Center,Tucson,AZ,Voluntary non-profit,3,43239,Upper GI Endoscopy,Medicare,9104.03,1217.13,586.71,612,0.96,Government,1: Low (<1.5x Medicare)
Tucson Medical Center,Tucson,AZ,Voluntary non-profit,3,43239,Upper GI Endoscopy,Medicaid/AHCCCS,9104.03,1217.13,494.3,612,0.81,Government,1: Low (<1.5x Medicare)
Tucson Medical Center,Tucson,AZ,Voluntary non-profit,3,43239,Upper GI Endoscopy,Cash/Self-Pay,9104.03,1217.13,1217.13,612,1.99,Cash,2: Mid (1.5-2.5x Medicare)
Tucson Medical Center,Tucson,AZ,Voluntary non-profit,3,45378,Colonoscopy,Blue Cross Blue Shield of Arizona,7484.08,823.75,1612.99,492,3.28,Commercial,3: High (2.5-3.5x Medicare)
Tucson Medical Center,Tucson,AZ,Voluntary non-profit,3,45378,Colonoscopy,Aetna,7484.08,823.75,1537.9,492,3.13,Commercial,3: High (2.5-3.5x Medicare)
Tucson Medical Center,Tucson,AZ,Voluntary non-profit,3,45378,Colonoscopy,UnitedHealthcare,7484.08,823.75,1356.74,492,2.76,Commercial,3: High (2.5-3.5x Medicare)
Tucson Medical Center,Tucson,AZ,Voluntary non-profit,3,45378,Colonoscopy,Cigna,7484.08,823.75,1395.12,492,2.84,Commercial,3: High (2.5-3.5x Medicare)
Tucson Medical Center,Tucson,AZ,Voluntary non-profit,3,45378,Colonoscopy,Humana,7484.08,823.75,1041.46,492,2.12,Commercial,2: Mid (1.5-2.5x Medicare)
Tucson Medical Center,Tucson,AZ,Voluntary non-profit,3,45378,Colonoscopy,Medicare,7484.08,823.75,478.16,492,0.97,Government,1: Low (<1.5x Medicare)
Tucson Medical Center,Tucson,AZ,Voluntary non-profit,3,45378,Colonoscopy,Medicaid/AHCCCS,7484.08,823.75,376.5,492,0.77,Government,1: Low (<1.5x Medicare)
Tucson Medical Center,Tucson,AZ,Voluntary non-profit,3,45378,Colonoscopy,Cash/Self-Pay,7484.08,823.75,823.75,492,1.67,Cash,2: Mid (1.5-2.5x Medicare)
Tucson Medical Center,Tucson,AZ,Voluntary non-profit,3,59510,Cesarean Section,Blue Cross Blue Shield of Arizona,28629.18,3530.66,6280.42,2100,2.99,Commercial,3: High (2.5-3.5x Medicare)
Tucson Medical Center,Tucson,AZ,Voluntary non-profit,3,59510,Cesarean Section,Aetna,28629.18,3530.66,4623.41,2100,2.2,Commercial,2: Mid (1.5-2.5x Medicare)
Tucson Medical Center,Tucson,AZ,Voluntary non-profit,3,59510,Cesarean Section,UnitedHealthcare,28629.18,3530.66,5286.48,2100,2.52,Commercial,3: High (2.5-3.5x Medicare)
Tucson Medical Center,Tucson,AZ,Voluntary non-profit,3,59510,Cesarean Section,Cigna,28629.18,3530.66,6088.4,2100,2.9,Commercial,3: High (2.5-3.5x Medicare)
Tucson Medical Center,Tucson,AZ,Voluntary non-profit,3,59510,Cesarean Section,Humana,28629.18,3530.66,6283.02,2100,2.99,Commercial,3: High (2.5-3.5x Medicare)
Tucson Medical Center,Tucson,AZ,Voluntary non-profit,3,59510,Cesarean Section,Medicare,28629.18,3530.66,2117.23,2100,1.01,Government,1: Low (<1.5x Medicare)
Tucson Medical Center,Tucson,AZ,Voluntary non-profit,3,59510,Cesarean Section,Medicaid/AHCCCS,28629.18,3530.66,1805.08,2100,0.86,Government,1: Low (<1.5x Medicare)
Tucson Medical Center,Tucson,AZ,Voluntary non-profit,3,59510,Cesarean Section,Cash/Self-Pay,28629.18,3530.66,3530.66,2100,1.68,Cash,2: Mid (1.5-2.5x Medicare)
Banner University Medical Center Tucson,Tucson,AZ,Voluntary non-profit,4,70553,MRI Brain with Contrast,Blue Cross Blue Shield of Arizona,7769.51,1301.28,1205.03,446,2.7,Commercial,3: High (2.5-3.5x Medicare)
Banner University Medical Center Tucson,Tucson,AZ,Voluntary non-profit,4,70553,MRI Brain with Contrast,Aetna,7769.51,1301.28,1186.21,446,2.66,Commercial,3: High (2.5-3.5x Medicare)
Banner University Medical Center Tucson,Tucson,AZ,Voluntary non-profit,4,70553,MRI Brain with Contrast,UnitedHealthcare,7769.51,1301.28,1322.93,446,2.97,Commercial,3: High (2.5-3.5x Medicare)
Banner University Medical Center Tucson,Tucson,AZ,Voluntary non-profit,4,70553,MRI Brain with Contrast,Cigna,7769.51,1301.28,966.84,446,2.17,Commercial,2: Mid (1.5-2.5x Medicare)
Banner University Medical Center Tucson,Tucson,AZ,Voluntary non-profit,4,70553,MRI Brain with Contrast,Humana,7769.51,1301.28,1350.45,446,3.03,Commercial,3: High (2.5-3.5x Medicare)
Banner University Medical Center Tucson,Tucson,AZ,Voluntary non-profit,4,70553,MRI Brain with Contrast,Medicare,7769.51,1301.28,467.77,446,1.05,Government,1: Low (<1.5x Medicare)
Banner University Medical Center Tucson,Tucson,AZ,Voluntary non-profit,4,70553,MRI Brain with Contrast,Medicaid/AHCCCS,7769.51,1301.28,355.48,446,0.8,Government,1: Low (<1.5x Medicare)
Banner University Medical Center Tucson,Tucson,AZ,Voluntary non-profit,4,70553,MRI Brain with Contrast,Cash/Self-Pay,7769.51,1301.28,1301.28,446,2.92,Cash,3: High (2.5-3.5x Medicare)
Banner University Medical Center Tucson,Tucson,AZ,Voluntary non-profit,4,71250,CT Chest,Blue Cross Blue Shield of Arizona,4006.94,1167.05,873.12,312,2.8,Commercial,3: High (2.5-3.5x Medicare)
Banner University Medical Center Tucson,Tucson,AZ,Voluntary non-profit,4,71250,CT Chest,Aetna,4006.94,1167.05,693.0,312,2.22,Commercial,2: Mid (1.5-2.5x Medicare)
Banner University Medical Center Tucson,Tucson,AZ,Voluntary non-profit,4,71250,CT Chest,UnitedHealthcare,4006.94,1167.05,721.97,312,2.31,Commercial,2: Mid (1.5-2.5x Medicare)
Banner University Medical Center Tucson,Tucson,AZ,Voluntary non-profit,4,71250,CT Chest,Cigna,4006.94,1167.05,841.22,312,2.7,Commercial,3: High (2.5-3.5x Medicare)
Banner University Medical Center Tucson,Tucson,AZ,Voluntary non-profit,4,71250,CT Chest,Humana,4006.94,1167.05,939.83,312,3.01,Commercial,3: High (2.5-3.5x Medicare)
Banner University Medical Center Tucson,Tucson,AZ,Voluntary non-profit,4,71250,CT Chest,Medicare,4006.94,1167.05,312.28,312,1.0,Government,1: Low (<1.5x Medicare)
Banner University Medical Center Tucson,Tucson,AZ,Voluntary non-profit,4,71250,CT Chest,Medicaid/AHCCCS,4006.94,1167.05,246.66,312,0.79,Government,1: Low (<1.5x Medicare)
Banner University Medical Center Tucson,Tucson,AZ,Voluntary non-profit,4,71250,CT Chest,Cash/Self-Pay,4006.94,1167.05,1167.05,312,3.74,Cash,4: Very High (>3.5x Medicare)
Banner University Medical Center Tucson,Tucson,AZ,Voluntary non-profit,4,74177,CT Abdomen & Pelvis,Blue Cross Blue Shield of Arizona,5634.0,1507.18,928.02,389,2.39,Commercial,2: Mid (1.5-2.5x Medicare)
Banner University Medical Center Tucson,Tucson,AZ,Voluntary non-profit,4,74177,CT Abdomen & Pelvis,Aetna,5634.0,1507.18,1048.06,389,2.69,Commercial,3: High (2.5-3.5x Medicare)
Banner University Medical Center Tucson,Tucson,AZ,Voluntary non-profit,4,74177,CT Abdomen & Pelvis,UnitedHealthcare,5634.0,1507.18,740.8,389,1.9,Commercial,2: Mid (1.5-2.5x Medicare)
Banner University Medical Center Tucson,Tucson,AZ,Voluntary non-profit,4,74177,CT Abdomen & Pelvis,Cigna,5634.0,1507.18,781.13,389,2.01,Commercial,2: Mid (1.5-2.5x Medicare)
Banner University Medical Center Tucson,Tucson,AZ,Voluntary non-profit,4,74177,CT Abdomen & Pelvis,Humana,5634.0,1507.18,745.73,389,1.92,Commercial,2: Mid (1.5-2.5x Medicare)
Banner University Medical Center Tucson,Tucson,AZ,Voluntary non-profit,4,74177,CT Abdomen & Pelvis,Medicare,5634.0,1507.18,387.05,389,0.99,Government,1: Low (<1.5x Medicare)
Banner University Medical Center Tucson,Tucson,AZ,Voluntary non-profit,4,74177,CT Abdomen & Pelvis,Medicaid/AHCCCS,5634.0,1507.18,326.21,389,0.84,Government,1: Low (<1.5x Medicare)
Banner University Medical Center Tucson,Tucson,AZ,Voluntary non-profit,4,74177,CT Abdomen & Pelvis,Cash/Self-Pay,5634.0,1507.18,1507.18,389,3.87,Cash,4: Very High (>3.5x Medicare)
Banner University Medical Center Tucson,Tucson,AZ,Voluntary non-profit,4,93000,Electrocardiogram (ECG),Blue Cross Blue Shield of Arizona,615.28,110.51,72.07,28,2.57,Commercial,3: High (2.5-3.5x Medicare)
Banner University Medical Center Tucson,Tucson,AZ,Voluntary non-profit,4,93000,Electrocardiogram (ECG),Aetna,615.28,110.51,72.74,28,2.6,Commercial,3: High (2.5-3.5x Medicare)
Banner University Medical Center Tucson,Tucson,AZ,Voluntary non-profit,4,93000,Electrocardiogram (ECG),UnitedHealthcare,615.28,110.51,70.94,28,2.53,Commercial,3: High (2.5-3.5x Medicare)
Banner University Medical Center Tucson,Tucson,AZ,Voluntary non-profit,4,93000,Electrocardiogram (ECG),Cigna,615.28,110.51,84.46,28,3.02,Commercial,3: High (2.5-3.5x Medicare)
Banner University Medical Center Tucson,Tucson,AZ,Voluntary non-profit,4,93000,Electrocardiogram (ECG),Humana,615.28,110.51,60.74,28,2.17,Commercial,2: Mid (1.5-2.5x Medicare)
Banner University Medical Center Tucson,Tucson,AZ,Voluntary non-profit,4,93000,Electrocardiogram (ECG),Medicare,615.28,110.51,27.33,28,0.98,Government,1: Low (<1.5x Medicare)
Banner University Medical Center Tucson,Tucson,AZ,Voluntary non-profit,4,93000,Electrocardiogram (ECG),Medicaid/AHCCCS,615.28,110.51,19.65,28,0.7,Government,1: Low (<1.5x Medicare)
Banner University Medical Center Tucson,Tucson,AZ,Voluntary non-profit,4,93000,Electrocardiogram (ECG),Cash/Self-Pay,615.28,110.51,110.51,28,3.95,Cash,4: Very High (>3.5x Medicare)
Banner University Medical Center Tucson,Tucson,AZ,Voluntary non-profit,4,85025,Complete Blood Count (CBC),Blue Cross Blue Shield of Arizona,226.33,32.88,30.57,11,2.78,Commercial,3: High (2.5-3.5x Medicare)
Banner University Medical Center Tucson,Tucson,AZ,Voluntary non-profit,4,85025,Complete Blood Count (CBC),Aetna,226.33,32.88,29.7,11,2.7,Commercial,3: High (2.5-3.5x Medicare)
Banner University Medical Center Tucson,Tucson,AZ,Voluntary non-profit,4,85025,Complete Blood Count (CBC),UnitedHealthcare,226.33,32.88,23.02,11,2.09,Commercial,2: Mid (1.5-2.5x Medicare)
Banner University Medical Center Tucson,Tucson,AZ,Voluntary non-profit,4,85025,Complete Blood Count (CBC),Cigna,226.33,32.88,28.34,11,2.58,Commercial,3: High (2.5-3.5x Medicare)
Banner University Medical Center Tucson,Tucson,AZ,Voluntary non-profit,4,85025,Complete Blood Count (CBC),Humana,226.33,32.88,21.55,11,1.96,Commercial,2: Mid (1.5-2.5x Medicare)
Banner University Medical Center Tucson,Tucson,AZ,Voluntary non-profit,4,85025,Complete Blood Count (CBC),Medicare,226.33,32.88,10.84,11,0.99,Government,1: Low (<1.5x Medicare)
Banner University Medical Center Tucson,Tucson,AZ,Voluntary non-profit,4,85025,Complete Blood Count (CBC),Medicaid/AHCCCS,226.33,32.88,8.39,11,0.76,Government,1: Low (<1.5x Medicare)
Banner University Medical Center Tucson,Tucson,AZ,Voluntary non-profit,4,85025,Complete Blood Count (CBC),Cash/Self-Pay,226.33,32.88,32.88,11,2.99,Cash,3: High (2.5-3.5x Medicare)
Banner University Medical Center Tucson,Tucson,AZ,Voluntary non-profit,4,80053,Comprehensive Metabolic Panel,Blue Cross Blue Shield of Arizona,251.76,36.57,34.3,14,2.45,Commercial,2: Mid (1.5-2.5x Medicare)
Banner University Medical Center Tucson,Tucson,AZ,Voluntary non-profit,4,80053,Comprehensive Metabolic Panel,Aetna,251.76,36.57,32.06,14,2.29,Commercial,2: Mid (1.5-2.5x Medicare)
Banner University Medical Center Tucson,Tucson,AZ,Voluntary non-profit,4,80053,Comprehensive Metabolic Panel,UnitedHealthcare,251.76,36.57,35.22,14,2.52,Commercial,3: High (2.5-3.5x Medicare)
Banner University Medical Center Tucson,Tucson,AZ,Voluntary non-profit,4,80053,Comprehensive Metabolic Panel,Cigna,251.76,36.57,31.96,14,2.28,Commercial,2: Mid (1.5-2.5x Medicare)
Banner University Medical Center Tucson,Tucson,AZ,Voluntary non-profit,4,80053,Comprehensive Metabolic Panel,Humana,251.76,36.57,35.75,14,2.55,Commercial,3: High (2.5-3.5x Medicare)
Banner University Medical Center Tucson,Tucson,AZ,Voluntary non-profit,4,80053,Comprehensive Metabolic Panel,Medicare,251.76,36.57,13.71,14,0.98,Government,1: Low (<1.5x Medicare)
Banner University Medical Center Tucson,Tucson,AZ,Voluntary non-profit,4,80053,Comprehensive Metabolic Panel,Medicaid/AHCCCS,251.76,36.57,10.47,14,0.75,Government,1: Low (<1.5x Medicare)
Banner University Medical Center Tucson,Tucson,AZ,Voluntary non-profit,4,80053,Comprehensive Metabolic Panel,Cash/Self-Pay,251.76,36.57,36.57,14,2.61,Cash,3: High (2.5-3.5x Medicare)
Banner University Medical Center Tucson,Tucson,AZ,Voluntary non-profit,4,36415,Blood Draw,Blue Cross Blue Shield of Arizona,40.23,8.37,9.35,3,3.12,Commercial,3: High (2.5-3.5x Medicare)
Banner University Medical Center Tucson,Tucson,AZ,Voluntary non-profit,4,36415,Blood Draw,Aetna,40.23,8.37,6.87,3,2.29,Commercial,2: Mid (1.5-2.5x Medicare)
Banner University Medical Center Tucson,Tucson,AZ,Voluntary non-profit,4,36415,Blood Draw,UnitedHealthcare,40.23,8.37,8.44,3,2.81,Commercial,3: High (2.5-3.5x Medicare)
Banner University Medical Center Tucson,Tucson,AZ,Voluntary non-profit,4,36415,Blood Draw,Cigna,40.23,8.37,7.6,3,2.53,Commercial,3: High (2.5-3.5x Medicare)
Banner University Medical Center Tucson,Tucson,AZ,Voluntary non-profit,4,36415,Blood Draw,Humana,40.23,8.37,7.31,3,2.44,Commercial,2: Mid (1.5-2.5x Medicare)
Banner University Medical Center Tucson,Tucson,AZ,Voluntary non-profit,4,36415,Blood Draw,Medicare,40.23,8.37,3.06,3,1.02,Government,1: Low (<1.5x Medicare)
Banner University Medical Center Tucson,Tucson,AZ,Voluntary non-profit,4,36415,Blood Draw,Medicaid/AHCCCS,40.23,8.37,2.69,3,0.9,Government,1: Low (<1.5x Medicare)
Banner University Medical Center Tucson,Tucson,AZ,Voluntary non-profit,4,36415,Blood Draw,Cash/Self-Pay,40.23,8.37,8.37,3,2.79,Cash,3: High (2.5-3.5x Medicare)
Banner University Medical Center Tucson,Tucson,AZ,Voluntary non-profit,4,99213,Office Visit (Established Patient),Blue Cross Blue Shield of Arizona,1564.11,378.11,344.15,115,2.99,Commercial,3: High (2.5-3.5x Medicare)
Banner University Medical Center Tucson,Tucson,AZ,Voluntary non-profit,4,99213,Office Visit (Established Patient),Aetna,1564.11,378.11,276.06,115,2.4,Commercial,2: Mid (1.5-2.5x Medicare)
Banner University Medical Center Tucson,Tucson,AZ,Voluntary non-profit,4,99213,Office Visit (Established Patient),UnitedHealthcare,1564.11,378.11,239.13,115,2.08,Commercial,2: Mid (1.5-2.5x Medicare)
Banner University Medical Center Tucson,Tucson,AZ,Voluntary non-profit,4,99213,Office Visit (Established Patient),Cigna,1564.11,378.11,299.37,115,2.6,Commercial,3: High (2.5-3.5x Medicare)
Banner University Medical Center Tucson,Tucson,AZ,Voluntary non-profit,4,99213,Office Visit (Established Patient),Humana,1564.11,378.11,330.0,115,2.87,Commercial,3: High (2.5-3.5x Medicare)
Banner University Medical Center Tucson,Tucson,AZ,Voluntary non-profit,4,99213,Office Visit (Established Patient),Medicare,1564.11,378.11,110.56,115,0.96,Government,1: Low (<1.5x Medicare)
Banner University Medical Center Tucson,Tucson,AZ,Voluntary non-profit,4,99213,Office Visit (Established Patient),Medicaid/AHCCCS,1564.11,378.11,95.31,115,0.83,Government,1: Low (<1.5x Medicare)
Banner University Medical Center Tucson,Tucson,AZ,Voluntary non-profit,4,99213,Office Visit (Established Patient),Cash/Self-Pay,1564.11,378.11,378.11,115,3.29,Cash,3: High (2.5-3.5x Medicare)
Banner University Medical Center Tucson,Tucson,AZ,Voluntary non-profit,4,99283,Emergency Dept Visit (Moderate),Blue Cross Blue Shield of Arizona,4397.34,580.3,565.5,186,3.04,Commercial,3: High (2.5-3.5x Medicare)
Banner University Medical Center Tucson,Tucson,AZ,Voluntary non-profit,4,99283,Emergency Dept Visit (Moderate),Aetna,4397.34,580.3,437.32,186,2.35,Commercial,2: Mid (1.5-2.5x Medicare)
Banner University Medical Center Tucson,Tucson,AZ,Voluntary non-profit,4,99283,Emergency Dept Visit (Moderate),UnitedHealthcare,4397.34,580.3,367.28,186,1.97,Commercial,2: Mid (1.5-2.5x Medicare)
Banner University Medical Center Tucson,Tucson,AZ,Voluntary non-profit,4,99283,Emergency Dept Visit (Moderate),Cigna,4397.34,580.3,572.26,186,3.08,Commercial,3: High (2.5-3.5x Medicare)
Banner University Medical Center Tucson,Tucson,AZ,Voluntary non-profit,4,99283,Emergency Dept Visit (Moderate),Humana,4397.34,580.3,411.44,186,2.21,Commercial,2: Mid (1.5-2.5x Medicare)
Banner University Medical Center Tucson,Tucson,AZ,Voluntary non-profit,4,99283,Emergency Dept Visit (Moderate),Medicare,4397.34,580.3,194.24,186,1.04,Government,1: Low (<1.5x Medicare)
Banner University Medical Center Tucson,Tucson,AZ,Voluntary non-profit,4,99283,Emergency Dept Visit (Moderate),Medicaid/AHCCCS,4397.34,580.3,152.91,186,0.82,Government,1: Low (<1.5x Medicare)
Banner University Medical Center Tucson,Tucson,AZ,Voluntary non-profit,4,99283,Emergency Dept Visit (Moderate),Cash/Self-Pay,4397.34,580.3,580.3,186,3.12,Cash,3: High (2.5-3.5x Medicare)
Banner University Medical Center Tucson,Tucson,AZ,Voluntary non-profit,4,27447,Total Knee Replacement,Blue Cross Blue Shield of Arizona,37843.7,5412.73,3754.01,1600,2.35,Commercial,2: Mid (1.5-2.5x Medicare)
Banner University Medical Center Tucson,Tucson,AZ,Voluntary non-profit,4,27447,Total Knee Replacement,Aetna,37843.7,5412.73,3735.93,1600,2.33,Commercial,2: Mid (1.5-2.5x Medicare)
Banner University Medical Center Tucson,Tucson,AZ,Voluntary non-profit,4,27447,Total Knee Replacement,UnitedHealthcare,37843.7,5412.73,4753.16,1600,2.97,Commercial,3: High (2.5-3.5x Medicare)
Banner University Medical Center Tucson,Tucson,AZ,Voluntary non-profit,4,27447,Total Knee Replacement,Cigna,37843.7,5412.73,5243.56,1600,3.28,Commercial,3: High (2.5-3.5x Medicare)
Banner University Medical Center Tucson,Tucson,AZ,Voluntary non-profit,4,27447,Total Knee Replacement,Humana,37843.7,5412.73,3921.94,1600,2.45,Commercial,2: Mid (1.5-2.5x Medicare)
Banner University Medical Center Tucson,Tucson,AZ,Voluntary non-profit,4,27447,Total Knee Replacement,Medicare,37843.7,5412.73,1588.3,1600,0.99,Government,1: Low (<1.5x Medicare)
Banner University Medical Center Tucson,Tucson,AZ,Voluntary non-profit,4,27447,Total Knee Replacement,Medicaid/AHCCCS,37843.7,5412.73,1270.09,1600,0.79,Government,1: Low (<1.5x Medicare)
Banner University Medical Center Tucson,Tucson,AZ,Voluntary non-profit,4,27447,Total Knee Replacement,Cash/Self-Pay,37843.7,5412.73,5412.73,1600,3.38,Cash,3: High (2.5-3.5x Medicare)
Banner University Medical Center Tucson,Tucson,AZ,Voluntary non-profit,4,27130,Total Hip Replacement,Blue Cross Blue Shield of Arizona,38925.96,5015.0,4024.95,1545,2.61,Commercial,3: High (2.5-3.5x Medicare)
Banner University Medical Center Tucson,Tucson,AZ,Voluntary non-profit,4,27130,Total Hip Replacement,Aetna,38925.96,5015.0,4355.38,1545,2.82,Commercial,3: High (2.5-3.5x Medicare)
Banner University Medical Center Tucson,Tucson,AZ,Voluntary non-profit,4,27130,Total Hip Replacement,UnitedHealthcare,38925.96,5015.0,2854.78,1545,1.85,Commercial,2: Mid (1.5-2.5x Medicare)
Banner University Medical Center Tucson,Tucson,AZ,Voluntary non-profit,4,27130,Total Hip Replacement,Cigna,38925.96,5015.0,4437.23,1545,2.87,Commercial,3: High (2.5-3.5x Medicare)
Banner University Medical Center Tucson,Tucson,AZ,Voluntary non-profit,4,27130,Total Hip Replacement,Humana,38925.96,5015.0,3956.26,1545,2.56,Commercial,3: High (2.5-3.5x Medicare)
Banner University Medical Center Tucson,Tucson,AZ,Voluntary non-profit,4,27130,Total Hip Replacement,Medicare,38925.96,5015.0,1483.49,1545,0.96,Government,1: Low (<1.5x Medicare)
Banner University Medical Center Tucson,Tucson,AZ,Voluntary non-profit,4,27130,Total Hip Replacement,Medicaid/AHCCCS,38925.96,5015.0,1363.04,1545,0.88,Government,1: Low (<1.5x Medicare)
Banner University Medical Center Tucson,Tucson,AZ,Voluntary non-profit,4,27130,Total Hip Replacement,Cash/Self-Pay,38925.96,5015.0,5015.0,1545,3.25,Cash,3: High (2.5-3.5x Medicare)
Banner University Medical Center Tucson,Tucson,AZ,Voluntary non-profit,4,43239,Upper GI Endoscopy,Blue Cross Blue Shield of Arizona,14329.29,2130.51,1385.2,612,2.26,Commercial,2: Mid (1.5-2.5x Medicare)
Banner University Medical Center Tucson,Tucson,AZ,Voluntary non-profit,4,43239,Upper GI Endoscopy,Aetna,14329.29,2130.51,1651.74,612,2.7,Commercial,3: High (2.5-3.5x Medicare)
Banner University Medical Center Tucson,Tucson,AZ,Voluntary non-profit,4,43239,Upper GI Endoscopy,UnitedHealthcare,14329.29,2130.51,1114.45,612,1.82,Commercial,2: Mid (1.5-2.5x Medicare)
Banner University Medical Center Tucson,Tucson,AZ,Voluntary non-profit,4,43239,Upper GI Endoscopy,Cigna,14329.29,2130.51,1442.16,612,2.36,Commercial,2: Mid (1.5-2.5x Medicare)
Banner University Medical Center Tucson,Tucson,AZ,Voluntary non-profit,4,43239,Upper GI Endoscopy,Humana,14329.29,2130.51,1314.0,612,2.15,Commercial,2: Mid (1.5-2.5x Medicare)
Banner University Medical Center Tucson,Tucson,AZ,Voluntary non-profit,4,43239,Upper GI Endoscopy,Medicare,14329.29,2130.51,589.12,612,0.96,Government,1: Low (<1.5x Medicare)
Banner University Medical Center Tucson,Tucson,AZ,Voluntary non-profit,4,43239,Upper GI Endoscopy,Medicaid/AHCCCS,14329.29,2130.51,444.29,612,0.73,Government,1: Low (<1.5x Medicare)
Banner University Medical Center Tucson,Tucson,AZ,Voluntary non-profit,4,43239,Upper GI Endoscopy,Cash/Self-Pay,14329.29,2130.51,2130.51,612,3.48,Cash,3: High (2.5-3.5x Medicare)
Banner University Medical Center Tucson,Tucson,AZ,Voluntary non-profit,4,45378,Colonoscopy,Blue Cross Blue Shield of Arizona,10349.32,1808.68,1698.16,492,3.45,Commercial,3: High (2.5-3.5x Medicare)
Banner University Medical Center Tucson,Tucson,AZ,Voluntary non-profit,4,45378,Colonoscopy,Aetna,10349.32,1808.68,1445.38,492,2.94,Commercial,3: High (2.5-3.5x Medicare)
Banner University Medical Center Tucson,Tucson,AZ,Voluntary non-profit,4,45378,Colonoscopy,UnitedHealthcare,10349.32,1808.68,1263.72,492,2.57,Commercial,3: High (2.5-3.5x Medicare)
Banner University Medical Center Tucson,Tucson,AZ,Voluntary non-profit,4,45378,Colonoscopy,Cigna,10349.32,1808.68,1096.5,492,2.23,Commercial,2: Mid (1.5-2.5x Medicare)
Banner University Medical Center Tucson,Tucson,AZ,Voluntary non-profit,4,45378,Colonoscopy,Humana,10349.32,1808.68,1230.37,492,2.5,Commercial,3: High (2.5-3.5x Medicare)
Banner University Medical Center Tucson,Tucson,AZ,Voluntary non-profit,4,45378,Colonoscopy,Medicare,10349.32,1808.68,474.61,492,0.96,Government,1: Low (<1.5x Medicare)
Banner University Medical Center Tucson,Tucson,AZ,Voluntary non-profit,4,45378,Colonoscopy,Medicaid/AHCCCS,10349.32,1808.68,407.96,492,0.83,Government,1: Low (<1.5x Medicare)
Banner University Medical Center Tucson,Tucson,AZ,Voluntary non-profit,4,45378,Colonoscopy,Cash/Self-Pay,10349.32,1808.68,1808.68,492,3.68,Cash,4: Very High (>3.5x Medicare)
Banner University Medical Center Tucson,Tucson,AZ,Voluntary non-profit,4,59510,Cesarean Section,Blue Cross Blue Shield of Arizona,28829.09,4804.78,6485.76,2100,3.09,Commercial,3: High (2.5-3.5x Medicare)
Banner University Medical Center Tucson,Tucson,AZ,Voluntary non-profit,4,59510,Cesarean Section,Aetna,28829.09,4804.78,4936.47,2100,2.35,Commercial,2: Mid (1.5-2.5x Medicare)
Banner University Medical Center Tucson,Tucson,AZ,Voluntary non-profit,4,59510,Cesarean Section,UnitedHealthcare,28829.09,4804.78,6037.46,2100,2.87,Commercial,3: High (2.5-3.5x Medicare)
Banner University Medical Center Tucson,Tucson,AZ,Voluntary non-profit,4,59510,Cesarean Section,Cigna,28829.09,4804.78,6781.8,2100,3.23,Commercial,3: High (2.5-3.5x Medicare)
Banner University Medical Center Tucson,Tucson,AZ,Voluntary non-profit,4,59510,Cesarean Section,Humana,28829.09,4804.78,4253.74,2100,2.03,Commercial,2: Mid (1.5-2.5x Medicare)
Banner University Medical Center Tucson,Tucson,AZ,Voluntary non-profit,4,59510,Cesarean Section,Medicare,28829.09,4804.78,2162.07,2100,1.03,Government,1: Low (<1.5x Medicare)
Banner University Medical Center Tucson,Tucson,AZ,Voluntary non-profit,4,59510,Cesarean Section,Medicaid/AHCCCS,28829.09,4804.78,1529.38,2100,0.73,Government,1: Low (<1.5x Medicare)
Banner University Medical Center Tucson,Tucson,AZ,Voluntary non-profit,4,59510,Cesarean Section,Cash/Self-Pay,28829.09,4804.78,4804.78,2100,2.29,Cash,2: Mid (1.5-2.5x Medicare)
Yuma Regional Medical Center,Yuma,AZ,Government - Local,3,70553,MRI Brain with Contrast,Blue Cross Blue Shield of Arizona,4520.63,522.3,1037.79,446,2.33,Commercial,2: Mid (1.5-2.5x Medicare)
Yuma Regional Medical Center,Yuma,AZ,Government - Local,3,70553,MRI Brain with Contrast,Aetna,4520.63,522.3,1254.4,446,2.81,Commercial,3: High (2.5-3.5x Medicare)
Yuma Regional Medical Center,Yuma,AZ,Government - Local,3,70553,MRI Brain with Contrast,UnitedHealthcare,4520.63,522.3,1107.59,446,2.48,Commercial,2: Mid (1.5-2.5x Medicare)
Yuma Regional Medical Center,Yuma,AZ,Government - Local,3,70553,MRI Brain with Contrast,Cigna,4520.63,522.3,1463.45,446,3.28,Commercial,3: High (2.5-3.5x Medicare)
Yuma Regional Medical Center,Yuma,AZ,Government - Local,3,70553,MRI Brain with Contrast,Humana,4520.63,522.3,1052.29,446,2.36,Commercial,2: Mid (1.5-2.5x Medicare)
Yuma Regional Medical Center,Yuma,AZ,Government - Local,3,70553,MRI Brain with Contrast,Medicare,4520.63,522.3,442.88,446,0.99,Government,1: Low (<1.5x Medicare)
Yuma Regional Medical Center,Yuma,AZ,Government - Local,3,70553,MRI Brain with Contrast,Medicaid/AHCCCS,4520.63,522.3,351.25,446,0.79,Government,1: Low (<1.5x Medicare)
Yuma Regional Medical Center,Yuma,AZ,Government - Local,3,70553,MRI Brain with Contrast,Cash/Self-Pay,4520.63,522.3,522.3,446,1.17,Cash,1: Low (<1.5x Medicare)
Yuma Regional Medical Center,Yuma,AZ,Government - Local,3,71250,CT Chest,Blue Cross Blue Shield of Arizona,2315.35,537.79,1066.11,312,3.42,Commercial,3: High (2.5-3.5x Medicare)
Yuma Regional Medical Center,Yuma,AZ,Government - Local,3,71250,CT Chest,Aetna,2315.35,537.79,724.34,312,2.32,Commercial,2: Mid (1.5-2.5x Medicare)
Yuma Regional Medical Center,Yuma,AZ,Government - Local,3,71250,CT Chest,UnitedHealthcare,2315.35,537.79,702.12,312,2.25,Commercial,2: Mid (1.5-2.5x Medicare)
Yuma Regional Medical Center,Yuma,AZ,Government - Local,3,71250,CT Chest,Cigna,2315.35,537.79,865.76,312,2.77,Commercial,3: High (2.5-3.5x Medicare)
Yuma Regional Medical Center,Yuma,AZ,Government - Local,3,71250,CT Chest,Humana,2315.35,537.79,671.96,312,2.15,Commercial,2: Mid (1.5-2.5x Medicare)
Yuma Regional Medical Center,Yuma,AZ,Government - Local,3,71250,CT Chest,Medicare,2315.35,537.79,317.08,312,1.02,Government,1: Low (<1.5x Medicare)
Yuma Regional Medical Center,Yuma,AZ,Government - Local,3,71250,CT Chest,Medicaid/AHCCCS,2315.35,537.79,278.64,312,0.89,Government,1: Low (<1.5x Medicare)
Yuma Regional Medical Center,Yuma,AZ,Government - Local,3,71250,CT Chest,Cash/Self-Pay,2315.35,537.79,537.79,312,1.72,Cash,2: Mid (1.5-2.5x Medicare)
Yuma Regional Medical Center,Yuma,AZ,Government - Local,3,74177,CT Abdomen & Pelvis,Blue Cross Blue Shield of Arizona,4806.61,571.87,1257.89,389,3.23,Commercial,3: High (2.5-3.5x Medicare)
Yuma Regional Medical Center,Yuma,AZ,Government - Local,3,74177,CT Abdomen & Pelvis,Aetna,4806.61,571.87,904.84,389,2.33,Commercial,2: Mid (1.5-2.5x Medicare)
Yuma Regional Medical Center,Yuma,AZ,Government - Local,3,74177,CT Abdomen & Pelvis,UnitedHealthcare,4806.61,571.87,894.46,389,2.3,Commercial,2: Mid (1.5-2.5x Medicare)
Yuma Regional Medical Center,Yuma,AZ,Government - Local,3,74177,CT Abdomen & Pelvis,Cigna,4806.61,571.87,838.88,389,2.16,Commercial,2: Mid (1.5-2.5x Medicare)
Yuma Regional Medical Center,Yuma,AZ,Government - Local,3,74177,CT Abdomen & Pelvis,Humana,4806.61,571.87,1080.74,389,2.78,Commercial,3: High (2.5-3.5x Medicare)
Yuma Regional Medical Center,Yuma,AZ,Government - Local,3,74177,CT Abdomen & Pelvis,Medicare,4806.61,571.87,383.6,389,0.99,Government,1: Low (<1.5x Medicare)
Yuma Regional Medical Center,Yuma,AZ,Government - Local,3,74177,CT Abdomen & Pelvis,Medicaid/AHCCCS,4806.61,571.87,321.88,389,0.83,Government,1: Low (<1.5x Medicare)
Yuma Regional Medical Center,Yuma,AZ,Government - Local,3,74177,CT Abdomen & Pelvis,Cash/Self-Pay,4806.61,571.87,571.87,389,1.47,Cash,1: Low (<1.5x Medicare)
Yuma Regional Medical Center,Yuma,AZ,Government - Local,3,93000,Electrocardiogram (ECG),Blue Cross Blue Shield of Arizona,153.08,37.29,81.07,28,2.9,Commercial,3: High (2.5-3.5x Medicare)
Yuma Regional Medical Center,Yuma,AZ,Government - Local,3,93000,Electrocardiogram (ECG),Aetna,153.08,37.29,85.79,28,3.06,Commercial,3: High (2.5-3.5x Medicare)
Yuma Regional Medical Center,Yuma,AZ,Government - Local,3,93000,Electrocardiogram (ECG),UnitedHealthcare,153.08,37.29,50.96,28,1.82,Commercial,2: Mid (1.5-2.5x Medicare)
Yuma Regional Medical Center,Yuma,AZ,Government - Local,3,93000,Electrocardiogram (ECG),Cigna,153.08,37.29,61.92,28,2.21,Commercial,2: Mid (1.5-2.5x Medicare)
Yuma Regional Medical Center,Yuma,AZ,Government - Local,3,93000,Electrocardiogram (ECG),Humana,153.08,37.29,53.49,28,1.91,Commercial,2: Mid (1.5-2.5x Medicare)
Yuma Regional Medical Center,Yuma,AZ,Government - Local,3,93000,Electrocardiogram (ECG),Medicare,153.08,37.29,28.24,28,1.01,Government,1: Low (<1.5x Medicare)
Yuma Regional Medical Center,Yuma,AZ,Government - Local,3,93000,Electrocardiogram (ECG),Medicaid/AHCCCS,153.08,37.29,22.15,28,0.79,Government,1: Low (<1.5x Medicare)
Yuma Regional Medical Center,Yuma,AZ,Government - Local,3,93000,Electrocardiogram (ECG),Cash/Self-Pay,153.08,37.29,37.29,28,1.33,Cash,1: Low (<1.5x Medicare)
Yuma Regional Medical Center,Yuma,AZ,Government - Local,3,85025,Complete Blood Count (CBC),Blue Cross Blue Shield of Arizona,100.25,10.84,30.24,11,2.75,Commercial,3: High (2.5-3.5x Medicare)
Yuma Regional Medical Center,Yuma,AZ,Government - Local,3,85025,Complete Blood Count (CBC),Aetna,100.25,10.84,24.78,11,2.25,Commercial,2: Mid (1.5-2.5x Medicare)
Yuma Regional Medical Center,Yuma,AZ,Government - Local,3,85025,Complete Blood Count (CBC),UnitedHealthcare,100.25,10.84,28.63,11,2.6,Commercial,3: High (2.5-3.5x Medicare)
Yuma Regional Medical Center,Yuma,AZ,Government - Local,3,85025,Complete Blood Count (CBC),Cigna,100.25,10.84,28.87,11,2.62,Commercial,3: High (2.5-3.5x Medicare)
Yuma Regional Medical Center,Yuma,AZ,Government - Local,3,85025,Complete Blood Count (CBC),Humana,100.25,10.84,28.64,11,2.6,Commercial,3: High (2.5-3.5x Medicare)
Yuma Regional Medical Center,Yuma,AZ,Government - Local,3,85025,Complete Blood Count (CBC),Medicare,100.25,10.84,10.66,11,0.97,Government,1: Low (<1.5x Medicare)
Yuma Regional Medical Center,Yuma,AZ,Government - Local,3,85025,Complete Blood Count (CBC),Medicaid/AHCCCS,100.25,10.84,8.72,11,0.79,Government,1: Low (<1.5x Medicare)
Yuma Regional Medical Center,Yuma,AZ,Government - Local,3,85025,Complete Blood Count (CBC),Cash/Self-Pay,100.25,10.84,10.84,11,0.99,Cash,1: Low (<1.5x Medicare)
Yuma Regional Medical Center,Yuma,AZ,Government - Local,3,80053,Comprehensive Metabolic Panel,Blue Cross Blue Shield of Arizona,96.53,26.22,36.9,14,2.64,Commercial,3: High (2.5-3.5x Medicare)
Yuma Regional Medical Center,Yuma,AZ,Government - Local,3,80053,Comprehensive Metabolic Panel,Aetna,96.53,26.22,29.67,14,2.12,Commercial,2: Mid (1.5-2.5x Medicare)
Yuma Regional Medical Center,Yuma,AZ,Government - Local,3,80053,Comprehensive Metabolic Panel,UnitedHealthcare,96.53,26.22,40.77,14,2.91,Commercial,3: High (2.5-3.5x Medicare)
Yuma Regional Medical Center,Yuma,AZ,Government - Local,3,80053,Comprehensive Metabolic Panel,Cigna,96.53,26.22,33.19,14,2.37,Commercial,2: Mid (1.5-2.5x Medicare)
Yuma Regional Medical Center,Yuma,AZ,Government - Local,3,80053,Comprehensive Metabolic Panel,Humana,96.53,26.22,38.66,14,2.76,Commercial,3: High (2.5-3.5x Medicare)
Yuma Regional Medical Center,Yuma,AZ,Government - Local,3,80053,Comprehensive Metabolic Panel,Medicare,96.53,26.22,14.24,14,1.02,Government,1: Low (<1.5x Medicare)
Yuma Regional Medical Center,Yuma,AZ,Government - Local,3,80053,Comprehensive Metabolic Panel,Medicaid/AHCCCS,96.53,26.22,11.52,14,0.82,Government,1: Low (<1.5x Medicare)
Yuma Regional Medical Center,Yuma,AZ,Government - Local,3,80053,Comprehensive Metabolic Panel,Cash/Self-Pay,96.53,26.22,26.22,14,1.87,Cash,2: Mid (1.5-2.5x Medicare)
Yuma Regional Medical Center,Yuma,AZ,Government - Local,3,36415,Blood Draw,Blue Cross Blue Shield of Arizona,36.5,3.17,7.89,3,2.63,Commercial,3: High (2.5-3.5x Medicare)
Yuma Regional Medical Center,Yuma,AZ,Government - Local,3,36415,Blood Draw,Aetna,36.5,3.17,6.86,3,2.29,Commercial,2: Mid (1.5-2.5x Medicare)
Yuma Regional Medical Center,Yuma,AZ,Government - Local,3,36415,Blood Draw,UnitedHealthcare,36.5,3.17,6.63,3,2.21,Commercial,2: Mid (1.5-2.5x Medicare)
Yuma Regional Medical Center,Yuma,AZ,Government - Local,3,36415,Blood Draw,Cigna,36.5,3.17,9.08,3,3.03,Commercial,3: High (2.5-3.5x Medicare)
Yuma Regional Medical Center,Yuma,AZ,Government - Local,3,36415,Blood Draw,Humana,36.5,3.17,8.62,3,2.87,Commercial,3: High (2.5-3.5x Medicare)
Yuma Regional Medical Center,Yuma,AZ,Government - Local,3,36415,Blood Draw,Medicare,36.5,3.17,3.13,3,1.04,Government,1: Low (<1.5x Medicare)
Yuma Regional Medical Center,Yuma,AZ,Government - Local,3,36415,Blood Draw,Medicaid/AHCCCS,36.5,3.17,2.34,3,0.78,Government,1: Low (<1.5x Medicare)
Yuma Regional Medical Center,Yuma,AZ,Government - Local,3,36415,Blood Draw,Cash/Self-Pay,36.5,3.17,3.17,3,1.06,Cash,1: Low (<1.5x Medicare)
Yuma Regional Medical Center,Yuma,AZ,Government - Local,3,99213,Office Visit (Established Patient),Blue Cross Blue Shield of Arizona,1286.01,166.92,387.18,115,3.37,Commercial,3: High (2.5-3.5x Medicare)
Yuma Regional Medical Center,Yuma,AZ,Government - Local,3,99213,Office Visit (Established Patient),Aetna,1286.01,166.92,341.11,115,2.97,Commercial,3: High (2.5-3.5x Medicare)
Yuma Regional Medical Center,Yuma,AZ,Government - Local,3,99213,Office Visit (Established Patient),UnitedHealthcare,1286.01,166.92,286.46,115,2.49,Commercial,2: Mid (1.5-2.5x Medicare)
Yuma Regional Medical Center,Yuma,AZ,Government - Local,3,99213,Office Visit (Established Patient),Cigna,1286.01,166.92,314.75,115,2.74,Commercial,3: High (2.5-3.5x Medicare)
Yuma Regional Medical Center,Yuma,AZ,Government - Local,3,99213,Office Visit (Established Patient),Humana,1286.01,166.92,287.36,115,2.5,Commercial,3: High (2.5-3.5x Medicare)
Yuma Regional Medical Center,Yuma,AZ,Government - Local,3,99213,Office Visit (Established Patient),Medicare,1286.01,166.92,117.12,115,1.02,Government,1: Low (<1.5x Medicare)
Yuma Regional Medical Center,Yuma,AZ,Government - Local,3,99213,Office Visit (Established Patient),Medicaid/AHCCCS,1286.01,166.92,92.07,115,0.8,Government,1: Low (<1.5x Medicare)
Yuma Regional Medical Center,Yuma,AZ,Government - Local,3,99213,Office Visit (Established Patient),Cash/Self-Pay,1286.01,166.92,166.92,115,1.45,Cash,1: Low (<1.5x Medicare)
Yuma Regional Medical Center,Yuma,AZ,Government - Local,3,99283,Emergency Dept Visit (Moderate),Blue Cross Blue Shield of Arizona,2069.84,270.24,445.32,186,2.39,Commercial,2: Mid (1.5-2.5x Medicare)
Yuma Regional Medical Center,Yuma,AZ,Government - Local,3,99283,Emergency Dept Visit (Moderate),Aetna,2069.84,270.24,487.7,186,2.62,Commercial,3: High (2.5-3.5x Medicare)
Yuma Regional Medical Center,Yuma,AZ,Government - Local,3,99283,Emergency Dept Visit (Moderate),UnitedHealthcare,2069.84,270.24,446.82,186,2.4,Commercial,2: Mid (1.5-2.5x Medicare)
Yuma Regional Medical Center,Yuma,AZ,Government - Local,3,99283,Emergency Dept Visit (Moderate),Cigna,2069.84,270.24,473.07,186,2.54,Commercial,3: High (2.5-3.5x Medicare)
Yuma Regional Medical Center,Yuma,AZ,Government - Local,3,99283,Emergency Dept Visit (Moderate),Humana,2069.84,270.24,382.17,186,2.05,Commercial,2: Mid (1.5-2.5x Medicare)
Yuma Regional Medical Center,Yuma,AZ,Government - Local,3,99283,Emergency Dept Visit (Moderate),Medicare,2069.84,270.24,178.58,186,0.96,Government,1: Low (<1.5x Medicare)
Yuma Regional Medical Center,Yuma,AZ,Government - Local,3,99283,Emergency Dept Visit (Moderate),Medicaid/AHCCCS,2069.84,270.24,153.38,186,0.82,Government,1: Low (<1.5x Medicare)
Yuma Regional Medical Center,Yuma,AZ,Government - Local,3,99283,Emergency Dept Visit (Moderate),Cash/Self-Pay,2069.84,270.24,270.24,186,1.45,Cash,1: Low (<1.5x Medicare)
Yuma Regional Medical Center,Yuma,AZ,Government - Local,3,27447,Total Knee Replacement,Blue Cross Blue Shield of Arizona,12469.57,2799.84,4006.08,1600,2.5,Commercial,3: High (2.5-3.5x Medicare)
Yuma Regional Medical Center,Yuma,AZ,Government - Local,3,27447,Total Knee Replacement,Aetna,12469.57,2799.84,4339.66,1600,2.71,Commercial,3: High (2.5-3.5x Medicare)
Yuma Regional Medical Center,Yuma,AZ,Government - Local,3,27447,Total Knee Replacement,UnitedHealthcare,12469.57,2799.84,3851.79,1600,2.41,Commercial,2: Mid (1.5-2.5x Medicare)
Yuma Regional Medical Center,Yuma,AZ,Government - Local,3,27447,Total Knee Replacement,Cigna,12469.57,2799.84,4964.26,1600,3.1,Commercial,3: High (2.5-3.5x Medicare)
Yuma Regional Medical Center,Yuma,AZ,Government - Local,3,27447,Total Knee Replacement,Humana,12469.57,2799.84,3679.94,1600,2.3,Commercial,2: Mid (1.5-2.5x Medicare)
Yuma Regional Medical Center,Yuma,AZ,Government - Local,3,27447,Total Knee Replacement,Medicare,12469.57,2799.84,1611.64,1600,1.01,Government,1: Low (<1.5x Medicare)
Yuma Regional Medical Center,Yuma,AZ,Government - Local,3,27447,Total Knee Replacement,Medicaid/AHCCCS,12469.57,2799.84,1196.27,1600,0.75,Government,1: Low (<1.5x Medicare)
Yuma Regional Medical Center,Yuma,AZ,Government - Local,3,27447,Total Knee Replacement,Cash/Self-Pay,12469.57,2799.84,2799.84,1600,1.75,Cash,2: Mid (1.5-2.5x Medicare)
Yuma Regional Medical Center,Yuma,AZ,Government - Local,3,27130,Total Hip Replacement,Blue Cross Blue Shield of Arizona,17555.78,2246.53,4069.93,1545,2.63,Commercial,3: High (2.5-3.5x Medicare)
Yuma Regional Medical Center,Yuma,AZ,Government - Local,3,27130,Total Hip Replacement,Aetna,17555.78,2246.53,3659.34,1545,2.37,Commercial,2: Mid (1.5-2.5x Medicare)
Yuma Regional Medical Center,Yuma,AZ,Government - Local,3,27130,Total Hip Replacement,UnitedHealthcare,17555.78,2246.53,4571.07,1545,2.96,Commercial,3: High (2.5-3.5x Medicare)
Yuma Regional Medical Center,Yuma,AZ,Government - Local,3,27130,Total Hip Replacement,Cigna,17555.78,2246.53,4514.62,1545,2.92,Commercial,3: High (2.5-3.5x Medicare)
Yuma Regional Medical Center,Yuma,AZ,Government - Local,3,27130,Total Hip Replacement,Humana,17555.78,2246.53,4311.16,1545,2.79,Commercial,3: High (2.5-3.5x Medicare)
Yuma Regional Medical Center,Yuma,AZ,Government - Local,3,27130,Total Hip Replacement,Medicare,17555.78,2246.53,1599.47,1545,1.04,Government,1: Low (<1.5x Medicare)
Yuma Regional Medical Center,Yuma,AZ,Government - Local,3,27130,Total Hip Replacement,Medicaid/AHCCCS,17555.78,2246.53,1142.74,1545,0.74,Government,1: Low (<1.5x Medicare)
Yuma Regional Medical Center,Yuma,AZ,Government - Local,3,27130,Total Hip Replacement,Cash/Self-Pay,17555.78,2246.53,2246.53,1545,1.45,Cash,1: Low (<1.5x Medicare)
Yuma Regional Medical Center,Yuma,AZ,Government - Local,3,43239,Upper GI Endoscopy,Blue Cross Blue Shield of Arizona,7355.45,809.7,1921.37,612,3.14,Commercial,3: High (2.5-3.5x Medicare)
Yuma Regional Medical Center,Yuma,AZ,Government - Local,3,43239,Upper GI Endoscopy,Aetna,7355.45,809.7,1367.93,612,2.24,Commercial,2: Mid (1.5-2.5x Medicare)
Yuma Regional Medical Center,Yuma,AZ,Government - Local,3,43239,Upper GI Endoscopy,UnitedHealthcare,7355.45,809.7,1617.44,612,2.64,Commercial,3: High (2.5-3.5x Medicare)
Yuma Regional Medical Center,Yuma,AZ,Government - Local,3,43239,Upper GI Endoscopy,Cigna,7355.45,809.7,1227.12,612,2.01,Commercial,2: Mid (1.5-2.5x Medicare)
Yuma Regional Medical Center,Yuma,AZ,Government - Local,3,43239,Upper GI Endoscopy,Humana,7355.45,809.7,1371.87,612,2.24,Commercial,2: Mid (1.5-2.5x Medicare)
Yuma Regional Medical Center,Yuma,AZ,Government - Local,3,43239,Upper GI Endoscopy,Medicare,7355.45,809.7,627.69,612,1.03,Government,1: Low (<1.5x Medicare)
Yuma Regional Medical Center,Yuma,AZ,Government - Local,3,43239,Upper GI Endoscopy,Medicaid/AHCCCS,7355.45,809.7,494.45,612,0.81,Government,1: Low (<1.5x Medicare)
Yuma Regional Medical Center,Yuma,AZ,Government - Local,3,43239,Upper GI Endoscopy,Cash/Self-Pay,7355.45,809.7,809.7,612,1.32,Cash,1: Low (<1.5x Medicare)
Yuma Regional Medical Center,Yuma,AZ,Government - Local,3,45378,Colonoscopy,Blue Cross Blue Shield of Arizona,2717.11,489.95,1147.85,492,2.33,Commercial,2: Mid (1.5-2.5x Medicare)
Yuma Regional Medical Center,Yuma,AZ,Government - Local,3,45378,Colonoscopy,Aetna,2717.11,489.95,1048.0,492,2.13,Commercial,2: Mid (1.5-2.5x Medicare)
Yuma Regional Medical Center,Yuma,AZ,Government - Local,3,45378,Colonoscopy,UnitedHealthcare,2717.11,489.95,1444.23,492,2.94,Commercial,3: High (2.5-3.5x Medicare)
Yuma Regional Medical Center,Yuma,AZ,Government - Local,3,45378,Colonoscopy,Cigna,2717.11,489.95,1459.45,492,2.97,Commercial,3: High (2.5-3.5x Medicare)
Yuma Regional Medical Center,Yuma,AZ,Government - Local,3,45378,Colonoscopy,Humana,2717.11,489.95,1154.61,492,2.35,Commercial,2: Mid (1.5-2.5x Medicare)
Yuma Regional Medical Center,Yuma,AZ,Government - Local,3,45378,Colonoscopy,Medicare,2717.11,489.95,491.46,492,1.0,Government,1: Low (<1.5x Medicare)
Yuma Regional Medical Center,Yuma,AZ,Government - Local,3,45378,Colonoscopy,Medicaid/AHCCCS,2717.11,489.95,384.49,492,0.78,Government,1: Low (<1.5x Medicare)
Yuma Regional Medical Center,Yuma,AZ,Government - Local,3,45378,Colonoscopy,Cash/Self-Pay,2717.11,489.95,489.95,492,1.0,Cash,1: Low (<1.5x Medicare)
Yuma Regional Medical Center,Yuma,AZ,Government - Local,3,59510,Cesarean Section,Blue Cross Blue Shield of Arizona,27159.47,2169.09,5008.16,2100,2.38,Commercial,2: Mid (1.5-2.5x Medicare)
Yuma Regional Medical Center,Yuma,AZ,Government - Local,3,59510,Cesarean Section,Aetna,27159.47,2169.09,5615.22,2100,2.67,Commercial,3: High (2.5-3.5x Medicare)
Yuma Regional Medical Center,Yuma,AZ,Government - Local,3,59510,Cesarean Section,UnitedHealthcare,27159.47,2169.09,6224.69,2100,2.96,Commercial,3: High (2.5-3.5x Medicare)
Yuma Regional Medical Center,Yuma,AZ,Government - Local,3,59510,Cesarean Section,Cigna,27159.47,2169.09,6103.99,2100,2.91,Commercial,3: High (2.5-3.5x Medicare)
Yuma Regional Medical Center,Yuma,AZ,Government - Local,3,59510,Cesarean Section,Humana,27159.47,2169.09,6112.33,2100,2.91,Commercial,3: High (2.5-3.5x Medicare)
Yuma Regional Medical Center,Yuma,AZ,Government - Local,3,59510,Cesarean Section,Medicare,27159.47,2169.09,2010.23,2100,0.96,Government,1: Low (<1.5x Medicare)
Yuma Regional Medical Center,Yuma,AZ,Government - Local,3,59510,Cesarean Section,Medicaid/AHCCCS,27159.47,2169.09,1765.38,2100,0.84,Government,1: Low (<1.5x Medicare)
Yuma Regional Medical Center,Yuma,AZ,Government - Local,3,59510,Cesarean Section,Cash/Self-Pay,27159.47,2169.09,2169.09,2100,1.03,Cash,1: Low (<1.5x Medicare)
Flagstaff Medical Center,Flagstaff,AZ,Voluntary non-profit,4,70553,MRI Brain with Contrast,Blue Cross Blue Shield of Arizona,8826.04,1149.85,1033.62,446,2.32,Commercial,2: Mid (1.5-2.5x Medicare)
Flagstaff Medical Center,Flagstaff,AZ,Voluntary non-profit,4,70553,MRI Brain with Contrast,Aetna,8826.04,1149.85,958.0,446,2.15,Commercial,2: Mid (1.5-2.5x Medicare)
Flagstaff Medical Center,Flagstaff,AZ,Voluntary non-profit,4,70553,MRI Brain with Contrast,UnitedHealthcare,8826.04,1149.85,1002.62,446,2.25,Commercial,2: Mid (1.5-2.5x Medicare)
Flagstaff Medical Center,Flagstaff,AZ,Voluntary non-profit,4,70553,MRI Brain with Contrast,Cigna,8826.04,1149.85,1256.23,446,2.82,Commercial,3: High (2.5-3.5x Medicare)
Flagstaff Medical Center,Flagstaff,AZ,Voluntary non-profit,4,70553,MRI Brain with Contrast,Humana,8826.04,1149.85,1143.95,446,2.56,Commercial,3: High (2.5-3.5x Medicare)
Flagstaff Medical Center,Flagstaff,AZ,Voluntary non-profit,4,70553,MRI Brain with Contrast,Medicare,8826.04,1149.85,440.59,446,0.99,Government,1: Low (<1.5x Medicare)
Flagstaff Medical Center,Flagstaff,AZ,Voluntary non-profit,4,70553,MRI Brain with Contrast,Medicaid/AHCCCS,8826.04,1149.85,387.41,446,0.87,Government,1: Low (<1.5x Medicare)
Flagstaff Medical Center,Flagstaff,AZ,Voluntary non-profit,4,70553,MRI Brain with Contrast,Cash/Self-Pay,8826.04,1149.85,1149.85,446,2.58,Cash,3: High (2.5-3.5x Medicare)
Flagstaff Medical Center,Flagstaff,AZ,Voluntary non-profit,4,71250,CT Chest,Blue Cross Blue Shield of Arizona,5053.88,804.61,1037.98,312,3.33,Commercial,3: High (2.5-3.5x Medicare)
Flagstaff Medical Center,Flagstaff,AZ,Voluntary non-profit,4,71250,CT Chest,Aetna,5053.88,804.61,851.15,312,2.73,Commercial,3: High (2.5-3.5x Medicare)
Flagstaff Medical Center,Flagstaff,AZ,Voluntary non-profit,4,71250,CT Chest,UnitedHealthcare,5053.88,804.61,687.95,312,2.2,Commercial,2: Mid (1.5-2.5x Medicare)
Flagstaff Medical Center,Flagstaff,AZ,Voluntary non-profit,4,71250,CT Chest,Cigna,5053.88,804.61,711.39,312,2.28,Commercial,2: Mid (1.5-2.5x Medicare)
Flagstaff Medical Center,Flagstaff,AZ,Voluntary non-profit,4,71250,CT Chest,Humana,5053.88,804.61,960.24,312,3.08,Commercial,3: High (2.5-3.5x Medicare)
Flagstaff Medical Center,Flagstaff,AZ,Voluntary non-profit,4,71250,CT Chest,Medicare,5053.88,804.61,305.86,312,0.98,Government,1: Low (<1.5x Medicare)
Flagstaff Medical Center,Flagstaff,AZ,Voluntary non-profit,4,71250,CT Chest,Medicaid/AHCCCS,5053.88,804.61,258.23,312,0.83,Government,1: Low (<1.5x Medicare)
Flagstaff Medical Center,Flagstaff,AZ,Voluntary non-profit,4,71250,CT Chest,Cash/Self-Pay,5053.88,804.61,804.61,312,2.58,Cash,3: High (2.5-3.5x Medicare)
Flagstaff Medical Center,Flagstaff,AZ,Voluntary non-profit,4,74177,CT Abdomen & Pelvis,Blue Cross Blue Shield of Arizona,4811.19,1171.92,888.99,389,2.29,Commercial,2: Mid (1.5-2.5x Medicare)
Flagstaff Medical Center,Flagstaff,AZ,Voluntary non-profit,4,74177,CT Abdomen & Pelvis,Aetna,4811.19,1171.92,869.0,389,2.23,Commercial,2: Mid (1.5-2.5x Medicare)
Flagstaff Medical Center,Flagstaff,AZ,Voluntary non-profit,4,74177,CT Abdomen & Pelvis,UnitedHealthcare,4811.19,1171.92,1105.25,389,2.84,Commercial,3: High (2.5-3.5x Medicare)
Flagstaff Medical Center,Flagstaff,AZ,Voluntary non-profit,4,74177,CT Abdomen & Pelvis,Cigna,4811.19,1171.92,939.68,389,2.42,Commercial,2: Mid (1.5-2.5x Medicare)
Flagstaff Medical Center,Flagstaff,AZ,Voluntary non-profit,4,74177,CT Abdomen & Pelvis,Humana,4811.19,1171.92,1104.57,389,2.84,Commercial,3: High (2.5-3.5x Medicare)
Flagstaff Medical Center,Flagstaff,AZ,Voluntary non-profit,4,74177,CT Abdomen & Pelvis,Medicare,4811.19,1171.92,388.43,389,1.0,Government,1: Low (<1.5x Medicare)
Flagstaff Medical Center,Flagstaff,AZ,Voluntary non-profit,4,74177,CT Abdomen & Pelvis,Medicaid/AHCCCS,4811.19,1171.92,332.82,389,0.86,Government,1: Low (<1.5x Medicare)
Flagstaff Medical Center,Flagstaff,AZ,Voluntary non-profit,4,74177,CT Abdomen & Pelvis,Cash/Self-Pay,4811.19,1171.92,1171.92,389,3.01,Cash,3: High (2.5-3.5x Medicare)
Flagstaff Medical Center,Flagstaff,AZ,Voluntary non-profit,4,93000,Electrocardiogram (ECG),Blue Cross Blue Shield of Arizona,358.1,63.13,75.29,28,2.69,Commercial,3: High (2.5-3.5x Medicare)
Flagstaff Medical Center,Flagstaff,AZ,Voluntary non-profit,4,93000,Electrocardiogram (ECG),Aetna,358.1,63.13,65.05,28,2.32,Commercial,2: Mid (1.5-2.5x Medicare)
Flagstaff Medical Center,Flagstaff,AZ,Voluntary non-profit,4,93000,Electrocardiogram (ECG),UnitedHealthcare,358.1,63.13,71.17,28,2.54,Commercial,3: High (2.5-3.5x Medicare)
Flagstaff Medical Center,Flagstaff,AZ,Voluntary non-profit,4,93000,Electrocardiogram (ECG),Cigna,358.1,63.13,70.88,28,2.53,Commercial,3: High (2.5-3.5x Medicare)
Flagstaff Medical Center,Flagstaff,AZ,Voluntary non-profit,4,93000,Electrocardiogram (ECG),Humana,358.1,63.13,61.37,28,2.19,Commercial,2: Mid (1.5-2.5x Medicare)
Flagstaff Medical Center,Flagstaff,AZ,Voluntary non-profit,4,93000,Electrocardiogram (ECG),Medicare,358.1,63.13,27.07,28,0.97,Government,1: Low (<1.5x Medicare)
Flagstaff Medical Center,Flagstaff,AZ,Voluntary non-profit,4,93000,Electrocardiogram (ECG),Medicaid/AHCCCS,358.1,63.13,20.66,28,0.74,Government,1: Low (<1.5x Medicare)
Flagstaff Medical Center,Flagstaff,AZ,Voluntary non-profit,4,93000,Electrocardiogram (ECG),Cash/Self-Pay,358.1,63.13,63.13,28,2.25,Cash,2: Mid (1.5-2.5x Medicare)
Flagstaff Medical Center,Flagstaff,AZ,Voluntary non-profit,4,85025,Complete Blood Count (CBC),Blue Cross Blue Shield of Arizona,151.9,22.1,27.74,11,2.52,Commercial,3: High (2.5-3.5x Medicare)
Flagstaff Medical Center,Flagstaff,AZ,Voluntary non-profit,4,85025,Complete Blood Count (CBC),Aetna,151.9,22.1,34.94,11,3.18,Commercial,3: High (2.5-3.5x Medicare)
Flagstaff Medical Center,Flagstaff,AZ,Voluntary non-profit,4,85025,Complete Blood Count (CBC),UnitedHealthcare,151.9,22.1,31.95,11,2.9,Commercial,3: High (2.5-3.5x Medicare)
Flagstaff Medical Center,Flagstaff,AZ,Voluntary non-profit,4,85025,Complete Blood Count (CBC),Cigna,151.9,22.1,28.66,11,2.61,Commercial,3: High (2.5-3.5x Medicare)
Flagstaff Medical Center,Flagstaff,AZ,Voluntary non-profit,4,85025,Complete Blood Count (CBC),Humana,151.9,22.1,27.55,11,2.5,Commercial,3: High (2.5-3.5x Medicare)
Flagstaff Medical Center,Flagstaff,AZ,Voluntary non-profit,4,85025,Complete Blood Count (CBC),Medicare,151.9,22.1,11.18,11,1.02,Government,1: Low (<1.5x Medicare)
Flagstaff Medical Center,Flagstaff,AZ,Voluntary non-profit,4,85025,Complete Blood Count (CBC),Medicaid/AHCCCS,151.9,22.1,8.44,11,0.77,Government,1: Low (<1.5x Medicare)
Flagstaff Medical Center,Flagstaff,AZ,Voluntary non-profit,4,85025,Complete Blood Count (CBC),Cash/Self-Pay,151.9,22.1,22.1,11,2.01,Cash,2: Mid (1.5-2.5x Medicare)
Flagstaff Medical Center,Flagstaff,AZ,Voluntary non-profit,4,80053,Comprehensive Metabolic Panel,Blue Cross Blue Shield of Arizona,279.87,41.82,34.61,14,2.47,Commercial,2: Mid (1.5-2.5x Medicare)
Flagstaff Medical Center,Flagstaff,AZ,Voluntary non-profit,4,80053,Comprehensive Metabolic Panel,Aetna,279.87,41.82,36.9,14,2.64,Commercial,3: High (2.5-3.5x Medicare)
Flagstaff Medical Center,Flagstaff,AZ,Voluntary non-profit,4,80053,Comprehensive Metabolic Panel,UnitedHealthcare,279.87,41.82,29.9,14,2.14,Commercial,2: Mid (1.5-2.5x Medicare)
Flagstaff Medical Center,Flagstaff,AZ,Voluntary non-profit,4,80053,Comprehensive Metabolic Panel,Cigna,279.87,41.82,33.06,14,2.36,Commercial,2: Mid (1.5-2.5x Medicare)
Flagstaff Medical Center,Flagstaff,AZ,Voluntary non-profit,4,80053,Comprehensive Metabolic Panel,Humana,279.87,41.82,30.02,14,2.14,Commercial,2: Mid (1.5-2.5x Medicare)
Flagstaff Medical Center,Flagstaff,AZ,Voluntary non-profit,4,80053,Comprehensive Metabolic Panel,Medicare,279.87,41.82,13.38,14,0.96,Government,1: Low (<1.5x Medicare)
Flagstaff Medical Center,Flagstaff,AZ,Voluntary non-profit,4,80053,Comprehensive Metabolic Panel,Medicaid/AHCCCS,279.87,41.82,12.29,14,0.88,Government,1: Low (<1.5x Medicare)
Flagstaff Medical Center,Flagstaff,AZ,Voluntary non-profit,4,80053,Comprehensive Metabolic Panel,Cash/Self-Pay,279.87,41.82,41.82,14,2.99,Cash,3: High (2.5-3.5x Medicare)
Flagstaff Medical Center,Flagstaff,AZ,Voluntary non-profit,4,36415,Blood Draw,Blue Cross Blue Shield of Arizona,36.29,6.16,8.6,3,2.87,Commercial,3: High (2.5-3.5x Medicare)
Flagstaff Medical Center,Flagstaff,AZ,Voluntary non-profit,4,36415,Blood Draw,Aetna,36.29,6.16,7.53,3,2.51,Commercial,3: High (2.5-3.5x Medicare)
Flagstaff Medical Center,Flagstaff,AZ,Voluntary non-profit,4,36415,Blood Draw,UnitedHealthcare,36.29,6.16,5.61,3,1.87,Commercial,2: Mid (1.5-2.5x Medicare)
Flagstaff Medical Center,Flagstaff,AZ,Voluntary non-profit,4,36415,Blood Draw,Cigna,36.29,6.16,8.3,3,2.77,Commercial,3: High (2.5-3.5x Medicare)
Flagstaff Medical Center,Flagstaff,AZ,Voluntary non-profit,4,36415,Blood Draw,Humana,36.29,6.16,7.69,3,2.56,Commercial,3: High (2.5-3.5x Medicare)
Flagstaff Medical Center,Flagstaff,AZ,Voluntary non-profit,4,36415,Blood Draw,Medicare,36.29,6.16,2.89,3,0.96,Government,1: Low (<1.5x Medicare)
Flagstaff Medical Center,Flagstaff,AZ,Voluntary non-profit,4,36415,Blood Draw,Medicaid/AHCCCS,36.29,6.16,2.42,3,0.81,Government,1: Low (<1.5x Medicare)
Flagstaff Medical Center,Flagstaff,AZ,Voluntary non-profit,4,36415,Blood Draw,Cash/Self-Pay,36.29,6.16,6.16,3,2.05,Cash,2: Mid (1.5-2.5x Medicare)
Flagstaff Medical Center,Flagstaff,AZ,Voluntary non-profit,4,99213,Office Visit (Established Patient),Blue Cross Blue Shield of Arizona,1300.84,183.44,361.06,115,3.14,Commercial,3: High (2.5-3.5x Medicare)
Flagstaff Medical Center,Flagstaff,AZ,Voluntary non-profit,4,99213,Office Visit (Established Patient),Aetna,1300.84,183.44,306.13,115,2.66,Commercial,3: High (2.5-3.5x Medicare)
Flagstaff Medical Center,Flagstaff,AZ,Voluntary non-profit,4,99213,Office Visit (Established Patient),UnitedHealthcare,1300.84,183.44,291.93,115,2.54,Commercial,3: High (2.5-3.5x Medicare)
Flagstaff Medical Center,Flagstaff,AZ,Voluntary non-profit,4,99213,Office Visit (Established Patient),Cigna,1300.84,183.44,270.07,115,2.35,Commercial,2: Mid (1.5-2.5x Medicare)
Flagstaff Medical Center,Flagstaff,AZ,Voluntary non-profit,4,99213,Office Visit (Established Patient),Humana,1300.84,183.44,309.3,115,2.69,Commercial,3: High (2.5-3.5x Medicare)
Flagstaff Medical Center,Flagstaff,AZ,Voluntary non-profit,4,99213,Office Visit (Established Patient),Medicare,1300.84,183.44,116.7,115,1.01,Government,1: Low (<1.5x Medicare)
Flagstaff Medical Center,Flagstaff,AZ,Voluntary non-profit,4,99213,Office Visit (Established Patient),Medicaid/AHCCCS,1300.84,183.44,102.79,115,0.89,Government,1: Low (<1.5x Medicare)
Flagstaff Medical Center,Flagstaff,AZ,Voluntary non-profit,4,99213,Office Visit (Established Patient),Cash/Self-Pay,1300.84,183.44,183.44,115,1.6,Cash,2: Mid (1.5-2.5x Medicare)
Flagstaff Medical Center,Flagstaff,AZ,Voluntary non-profit,4,99283,Emergency Dept Visit (Moderate),Blue Cross Blue Shield of Arizona,3181.78,559.27,534.24,186,2.87,Commercial,3: High (2.5-3.5x Medicare)
Flagstaff Medical Center,Flagstaff,AZ,Voluntary non-profit,4,99283,Emergency Dept Visit (Moderate),Aetna,3181.78,559.27,374.24,186,2.01,Commercial,2: Mid (1.5-2.5x Medicare)
Flagstaff Medical Center,Flagstaff,AZ,Voluntary non-profit,4,99283,Emergency Dept Visit (Moderate),UnitedHealthcare,3181.78,559.27,469.57,186,2.52,Commercial,3: High (2.5-3.5x Medicare)
Flagstaff Medical Center,Flagstaff,AZ,Voluntary non-profit,4,99283,Emergency Dept Visit (Moderate),Cigna,3181.78,559.27,378.25,186,2.03,Commercial,2: Mid (1.5-2.5x Medicare)
Flagstaff Medical Center,Flagstaff,AZ,Voluntary non-profit,4,99283,Emergency Dept Visit (Moderate),Humana,3181.78,559.27,372.32,186,2.0,Commercial,2: Mid (1.5-2.5x Medicare)
Flagstaff Medical Center,Flagstaff,AZ,Voluntary non-profit,4,99283,Emergency Dept Visit (Moderate),Medicare,3181.78,559.27,191.05,186,1.03,Government,1: Low (<1.5x Medicare)
Flagstaff Medical Center,Flagstaff,AZ,Voluntary non-profit,4,99283,Emergency Dept Visit (Moderate),Medicaid/AHCCCS,3181.78,559.27,164.24,186,0.88,Government,1: Low (<1.5x Medicare)
Flagstaff Medical Center,Flagstaff,AZ,Voluntary non-profit,4,99283,Emergency Dept Visit (Moderate),Cash/Self-Pay,3181.78,559.27,559.27,186,3.01,Cash,3: High (2.5-3.5x Medicare)
Flagstaff Medical Center,Flagstaff,AZ,Voluntary non-profit,4,27447,Total Knee Replacement,Blue Cross Blue Shield of Arizona,30298.02,4207.33,3628.85,1600,2.27,Commercial,2: Mid (1.5-2.5x Medicare)
Flagstaff Medical Center,Flagstaff,AZ,Voluntary non-profit,4,27447,Total Knee Replacement,Aetna,30298.02,4207.33,4596.15,1600,2.87,Commercial,3: High (2.5-3.5x Medicare)
Flagstaff Medical Center,Flagstaff,AZ,Voluntary non-profit,4,27447,Total Knee Replacement,UnitedHealthcare,30298.02,4207.33,3007.99,1600,1.88,Commercial,2: Mid (1.5-2.5x Medicare)
Flagstaff Medical Center,Flagstaff,AZ,Voluntary non-profit,4,27447,Total Knee Replacement,Cigna,30298.02,4207.33,5075.39,1600,3.17,Commercial,3: High (2.5-3.5x Medicare)
Flagstaff Medical Center,Flagstaff,AZ,Voluntary non-profit,4,27447,Total Knee Replacement,Humana,30298.02,4207.33,3923.09,1600,2.45,Commercial,2: Mid (1.5-2.5x Medicare)
Flagstaff Medical Center,Flagstaff,AZ,Voluntary non-profit,4,27447,Total Knee Replacement,Medicare,30298.02,4207.33,1550.16,1600,0.97,Government,1: Low (<1.5x Medicare)
Flagstaff Medical Center,Flagstaff,AZ,Voluntary non-profit,4,27447,Total Knee Replacement,Medicaid/AHCCCS,30298.02,4207.33,1377.59,1600,0.86,Government,1: Low (<1.5x Medicare)
Flagstaff Medical Center,Flagstaff,AZ,Voluntary non-profit,4,27447,Total Knee Replacement,Cash/Self-Pay,30298.02,4207.33,4207.33,1600,2.63,Cash,3: High (2.5-3.5x Medicare)
Flagstaff Medical Center,Flagstaff,AZ,Voluntary non-profit,4,27130,Total Hip Replacement,Blue Cross Blue Shield of Arizona,31525.67,3062.03,4392.86,1545,2.84,Commercial,3: High (2.5-3.5x Medicare)
Flagstaff Medical Center,Flagstaff,AZ,Voluntary non-profit,4,27130,Total Hip Replacement,Aetna,31525.67,3062.03,4057.47,1545,2.63,Commercial,3: High (2.5-3.5x Medicare)
Flagstaff Medical Center,Flagstaff,AZ,Voluntary non-profit,4,27130,Total Hip Replacement,UnitedHealthcare,31525.67,3062.03,4180.64,1545,2.71,Commercial,3: High (2.5-3.5x Medicare)
Flagstaff Medical Center,Flagstaff,AZ,Voluntary non-profit,4,27130,Total Hip Replacement,Cigna,31525.67,3062.03,3805.42,1545,2.46,Commercial,2: Mid (1.5-2.5x Medicare)
Flagstaff Medical Center,Flagstaff,AZ,Voluntary non-profit,4,27130,Total Hip Replacement,Humana,31525.67,3062.03,3081.06,1545,1.99,Commercial,2: Mid (1.5-2.5x Medicare)
Flagstaff Medical Center,Flagstaff,AZ,Voluntary non-profit,4,27130,Total Hip Replacement,Medicare,31525.67,3062.03,1479.78,1545,0.96,Government,1: Low (<1.5x Medicare)
Flagstaff Medical Center,Flagstaff,AZ,Voluntary non-profit,4,27130,Total Hip Replacement,Medicaid/AHCCCS,31525.67,3062.03,1299.9,1545,0.84,Government,1: Low (<1.5x Medicare)
Flagstaff Medical Center,Flagstaff,AZ,Voluntary non-profit,4,27130,Total Hip Replacement,Cash/Self-Pay,31525.67,3062.03,3062.03,1545,1.98,Cash,2: Mid (1.5-2.5x Medicare)
Flagstaff Medical Center,Flagstaff,AZ,Voluntary non-profit,4,43239,Upper GI Endoscopy,Blue Cross Blue Shield of Arizona,12111.05,1214.92,1641.16,612,2.68,Commercial,3: High (2.5-3.5x Medicare)
Flagstaff Medical Center,Flagstaff,AZ,Voluntary non-profit,4,43239,Upper GI Endoscopy,Aetna,12111.05,1214.92,1525.33,612,2.49,Commercial,2: Mid (1.5-2.5x Medicare)
Flagstaff Medical Center,Flagstaff,AZ,Voluntary non-profit,4,43239,Upper GI Endoscopy,UnitedHealthcare,12111.05,1214.92,1383.62,612,2.26,Commercial,2: Mid (1.5-2.5x Medicare)
Flagstaff Medical Center,Flagstaff,AZ,Voluntary non-profit,4,43239,Upper GI Endoscopy,Cigna,12111.05,1214.92,1686.71,612,2.76,Commercial,3: High (2.5-3.5x Medicare)
Flagstaff Medical Center,Flagstaff,AZ,Voluntary non-profit,4,43239,Upper GI Endoscopy,Humana,12111.05,1214.92,1257.59,612,2.05,Commercial,2: Mid (1.5-2.5x Medicare)
Flagstaff Medical Center,Flagstaff,AZ,Voluntary non-profit,4,43239,Upper GI Endoscopy,Medicare,12111.05,1214.92,638.72,612,1.04,Government,1: Low (<1.5x Medicare)
Flagstaff Medical Center,Flagstaff,AZ,Voluntary non-profit,4,43239,Upper GI Endoscopy,Medicaid/AHCCCS,12111.05,1214.92,466.14,612,0.76,Government,1: Low (<1.5x Medicare)
Flagstaff Medical Center,Flagstaff,AZ,Voluntary non-profit,4,43239,Upper GI Endoscopy,Cash/Self-Pay,12111.05,1214.92,1214.92,612,1.99,Cash,2: Mid (1.5-2.5x Medicare)
Flagstaff Medical Center,Flagstaff,AZ,Voluntary non-profit,4,45378,Colonoscopy,Blue Cross Blue Shield of Arizona,9412.88,1355.95,1240.9,492,2.52,Commercial,3: High (2.5-3.5x Medicare)
Flagstaff Medical Center,Flagstaff,AZ,Voluntary non-profit,4,45378,Colonoscopy,Aetna,9412.88,1355.95,1412.32,492,2.87,Commercial,3: High (2.5-3.5x Medicare)
Flagstaff Medical Center,Flagstaff,AZ,Voluntary non-profit,4,45378,Colonoscopy,UnitedHealthcare,9412.88,1355.95,1362.54,492,2.77,Commercial,3: High (2.5-3.5x Medicare)
Flagstaff Medical Center,Flagstaff,AZ,Voluntary non-profit,4,45378,Colonoscopy,Cigna,9412.88,1355.95,1319.58,492,2.68,Commercial,3: High (2.5-3.5x Medicare)
Flagstaff Medical Center,Flagstaff,AZ,Voluntary non-profit,4,45378,Colonoscopy,Humana,9412.88,1355.95,1381.35,492,2.81,Commercial,3: High (2.5-3.5x Medicare)
Flagstaff Medical Center,Flagstaff,AZ,Voluntary non-profit,4,45378,Colonoscopy,Medicare,9412.88,1355.95,491.73,492,1.0,Government,1: Low (<1.5x Medicare)
Flagstaff Medical Center,Flagstaff,AZ,Voluntary non-profit,4,45378,Colonoscopy,Medicaid/AHCCCS,9412.88,1355.95,432.44,492,0.88,Government,1: Low (<1.5x Medicare)
Flagstaff Medical Center,Flagstaff,AZ,Voluntary non-profit,4,45378,Colonoscopy,Cash/Self-Pay,9412.88,1355.95,1355.95,492,2.76,Cash,3: High (2.5-3.5x Medicare)
Flagstaff Medical Center,Flagstaff,AZ,Voluntary non-profit,4,59510,Cesarean Section,Blue Cross Blue Shield of Arizona,23721.87,4627.86,7073.17,2100,3.37,Commercial,3: High (2.5-3.5x Medicare)
Flagstaff Medical Center,Flagstaff,AZ,Voluntary non-profit,4,59510,Cesarean Section,Aetna,23721.87,4627.86,4649.4,2100,2.21,Commercial,2: Mid (1.5-2.5x Medicare)
Flagstaff Medical Center,Flagstaff,AZ,Voluntary non-profit,4,59510,Cesarean Section,UnitedHealthcare,23721.87,4627.86,5222.16,2100,2.49,Commercial,2: Mid (1.5-2.5x Medicare)
Flagstaff Medical Center,Flagstaff,AZ,Voluntary non-profit,4,59510,Cesarean Section,Cigna,23721.87,4627.86,6232.33,2100,2.97,Commercial,3: High (2.5-3.5x Medicare)
Flagstaff Medical Center,Flagstaff,AZ,Voluntary non-profit,4,59510,Cesarean Section,Humana,23721.87,4627.86,4321.91,2100,2.06,Commercial,2: Mid (1.5-2.5x Medicare)
Flagstaff Medical Center,Flagstaff,AZ,Voluntary non-profit,4,59510,Cesarean Section,Medicare,23721.87,4627.86,2128.09,2100,1.01,Government,1: Low (<1.5x Medicare)
Flagstaff Medical Center,Flagstaff,AZ,Voluntary non-profit,4,59510,Cesarean Section,Medicaid/AHCCCS,23721.87,4627.86,1576.34,2100,0.75,Government,1: Low (<1.5x Medicare)
Flagstaff Medical Center,Flagstaff,AZ,Voluntary non-profit,4,59510,Cesarean Section,Cash/Self-Pay,23721.87,4627.86,4627.86,2100,2.2,Cash,2: Mid (1.5-2.5x Medicare)
Kingman Regional Medical Center,Kingman,AZ,Government - Local,3,70553,MRI Brain with Contrast,Blue Cross Blue Shield of Arizona,5168.05,910.49,1116.4,446,2.5,Commercial,3: High (2.5-3.5x Medicare)
Kingman Regional Medical Center,Kingman,AZ,Government - Local,3,70553,MRI Brain with Contrast,Aetna,5168.05,910.49,1182.87,446,2.65,Commercial,3: High (2.5-3.5x Medicare)
Kingman Regional Medical Center,Kingman,AZ,Government - Local,3,70553,MRI Brain with Contrast,UnitedHealthcare,5168.05,910.49,1199.32,446,2.69,Commercial,3: High (2.5-3.5x Medicare)
Kingman Regional Medical Center,Kingman,AZ,Government - Local,3,70553,MRI Brain with Contrast,Cigna,5168.05,910.49,1111.72,446,2.49,Commercial,2: Mid (1.5-2.5x Medicare)
Kingman Regional Medical Center,Kingman,AZ,Government - Local,3,70553,MRI Brain with Contrast,Humana,5168.05,910.49,1330.83,446,2.98,Commercial,3: High (2.5-3.5x Medicare)
Kingman Regional Medical Center,Kingman,AZ,Government - Local,3,70553,MRI Brain with Contrast,Medicare,5168.05,910.49,434.05,446,0.97,Government,1: Low (<1.5x Medicare)
Kingman Regional Medical Center,Kingman,AZ,Government - Local,3,70553,MRI Brain with Contrast,Medicaid/AHCCCS,5168.05,910.49,375.43,446,0.84,Government,1: Low (<1.5x Medicare)
Kingman Regional Medical Center,Kingman,AZ,Government - Local,3,70553,MRI Brain with Contrast,Cash/Self-Pay,5168.05,910.49,910.49,446,2.04,Cash,2: Mid (1.5-2.5x Medicare)
Kingman Regional Medical Center,Kingman,AZ,Government - Local,3,71250,CT Chest,Blue Cross Blue Shield of Arizona,4564.9,714.49,854.77,312,2.74,Commercial,3: High (2.5-3.5x Medicare)
Kingman Regional Medical Center,Kingman,AZ,Government - Local,3,71250,CT Chest,Aetna,4564.9,714.49,933.85,312,2.99,Commercial,3: High (2.5-3.5x Medicare)
Kingman Regional Medical Center,Kingman,AZ,Government - Local,3,71250,CT Chest,UnitedHealthcare,4564.9,714.49,863.84,312,2.77,Commercial,3: High (2.5-3.5x Medicare)
Kingman Regional Medical Center,Kingman,AZ,Government - Local,3,71250,CT Chest,Cigna,4564.9,714.49,1006.79,312,3.23,Commercial,3: High (2.5-3.5x Medicare)
Kingman Regional Medical Center,Kingman,AZ,Government - Local,3,71250,CT Chest,Humana,4564.9,714.49,915.47,312,2.93,Commercial,3: High (2.5-3.5x Medicare)
Kingman Regional Medical Center,Kingman,AZ,Government - Local,3,71250,CT Chest,Medicare,4564.9,714.49,327.43,312,1.05,Government,1: Low (<1.5x Medicare)
Kingman Regional Medical Center,Kingman,AZ,Government - Local,3,71250,CT Chest,Medicaid/AHCCCS,4564.9,714.49,260.78,312,0.84,Government,1: Low (<1.5x Medicare)
Kingman Regional Medical Center,Kingman,AZ,Government - Local,3,71250,CT Chest,Cash/Self-Pay,4564.9,714.49,714.49,312,2.29,Cash,2: Mid (1.5-2.5x Medicare)
Kingman Regional Medical Center,Kingman,AZ,Government - Local,3,74177,CT Abdomen & Pelvis,Blue Cross Blue Shield of Arizona,2694.65,955.97,1062.07,389,2.73,Commercial,3: High (2.5-3.5x Medicare)
Kingman Regional Medical Center,Kingman,AZ,Government - Local,3,74177,CT Abdomen & Pelvis,Aetna,2694.65,955.97,1168.65,389,3.0,Commercial,3: High (2.5-3.5x Medicare)
Kingman Regional Medical Center,Kingman,AZ,Government - Local,3,74177,CT Abdomen & Pelvis,UnitedHealthcare,2694.65,955.97,833.33,389,2.14,Commercial,2: Mid (1.5-2.5x Medicare)
Kingman Regional Medical Center,Kingman,AZ,Government - Local,3,74177,CT Abdomen & Pelvis,Cigna,2694.65,955.97,835.06,389,2.15,Commercial,2: Mid (1.5-2.5x Medicare)
Kingman Regional Medical Center,Kingman,AZ,Government - Local,3,74177,CT Abdomen & Pelvis,Humana,2694.65,955.97,950.75,389,2.44,Commercial,2: Mid (1.5-2.5x Medicare)
Kingman Regional Medical Center,Kingman,AZ,Government - Local,3,74177,CT Abdomen & Pelvis,Medicare,2694.65,955.97,371.68,389,0.96,Government,1: Low (<1.5x Medicare)
Kingman Regional Medical Center,Kingman,AZ,Government - Local,3,74177,CT Abdomen & Pelvis,Medicaid/AHCCCS,2694.65,955.97,299.92,389,0.77,Government,1: Low (<1.5x Medicare)
Kingman Regional Medical Center,Kingman,AZ,Government - Local,3,74177,CT Abdomen & Pelvis,Cash/Self-Pay,2694.65,955.97,955.97,389,2.46,Cash,2: Mid (1.5-2.5x Medicare)
Kingman Regional Medical Center,Kingman,AZ,Government - Local,3,93000,Electrocardiogram (ECG),Blue Cross Blue Shield of Arizona,311.31,51.9,73.1,28,2.61,Commercial,3: High (2.5-3.5x Medicare)
Kingman Regional Medical Center,Kingman,AZ,Government - Local,3,93000,Electrocardiogram (ECG),Aetna,311.31,51.9,83.75,28,2.99,Commercial,3: High (2.5-3.5x Medicare)
Kingman Regional Medical Center,Kingman,AZ,Government - Local,3,93000,Electrocardiogram (ECG),UnitedHealthcare,311.31,51.9,60.91,28,2.18,Commercial,2: Mid (1.5-2.5x Medicare)
Kingman Regional Medical Center,Kingman,AZ,Government - Local,3,93000,Electrocardiogram (ECG),Cigna,311.31,51.9,71.77,28,2.56,Commercial,3: High (2.5-3.5x Medicare)
Kingman Regional Medical Center,Kingman,AZ,Government - Local,3,93000,Electrocardiogram (ECG),Humana,311.31,51.9,54.95,28,1.96,Commercial,2: Mid (1.5-2.5x Medicare)
Kingman Regional Medical Center,Kingman,AZ,Government - Local,3,93000,Electrocardiogram (ECG),Medicare,311.31,51.9,28.83,28,1.03,Government,1: Low (<1.5x Medicare)
Kingman Regional Medical Center,Kingman,AZ,Government - Local,3,93000,Electrocardiogram (ECG),Medicaid/AHCCCS,311.31,51.9,22.27,28,0.8,Government,1: Low (<1.5x Medicare)
Kingman Regional Medical Center,Kingman,AZ,Government - Local,3,93000,Electrocardiogram (ECG),Cash/Self-Pay,311.31,51.9,51.9,28,1.85,Cash,2: Mid (1.5-2.5x Medicare)
Kingman Regional Medical Center,Kingman,AZ,Government - Local,3,85025,Complete Blood Count (CBC),Blue Cross Blue Shield of Arizona,82.62,16.76,37.53,11,3.41,Commercial,3: High (2.5-3.5x Medicare)
Kingman Regional Medical Center,Kingman,AZ,Government - Local,3,85025,Complete Blood Count (CBC),Aetna,82.62,16.76,24.84,11,2.26,Commercial,2: Mid (1.5-2.5x Medicare)
Kingman Regional Medical Center,Kingman,AZ,Government - Local,3,85025,Complete Blood Count (CBC),UnitedHealthcare,82.62,16.76,20.97,11,1.91,Commercial,2: Mid (1.5-2.5x Medicare)
Kingman Regional Medical Center,Kingman,AZ,Government - Local,3,85025,Complete Blood Count (CBC),Cigna,82.62,16.76,24.28,11,2.21,Commercial,2: Mid (1.5-2.5x Medicare)
Kingman Regional Medical Center,Kingman,AZ,Government - Local,3,85025,Complete Blood Count (CBC),Humana,82.62,16.76,23.46,11,2.13,Commercial,2: Mid (1.5-2.5x Medicare)
Kingman Regional Medical Center,Kingman,AZ,Government - Local,3,85025,Complete Blood Count (CBC),Medicare,82.62,16.76,10.94,11,0.99,Government,1: Low (<1.5x Medicare)
Kingman Regional Medical Center,Kingman,AZ,Government - Local,3,85025,Complete Blood Count (CBC),Medicaid/AHCCCS,82.62,16.76,9.02,11,0.82,Government,1: Low (<1.5x Medicare)
Kingman Regional Medical Center,Kingman,AZ,Government - Local,3,85025,Complete Blood Count (CBC),Cash/Self-Pay,82.62,16.76,16.76,11,1.52,Cash,2: Mid (1.5-2.5x Medicare)
Kingman Regional Medical Center,Kingman,AZ,Government - Local,3,80053,Comprehensive Metabolic Panel,Blue Cross Blue Shield of Arizona,96.64,21.18,47.75,14,3.41,Commercial,3: High (2.5-3.5x Medicare)
Kingman Regional Medical Center,Kingman,AZ,Government - Local,3,80053,Comprehensive Metabolic Panel,Aetna,96.64,21.18,43.28,14,3.09,Commercial,3: High (2.5-3.5x Medicare)
Kingman Regional Medical Center,Kingman,AZ,Government - Local,3,80053,Comprehensive Metabolic Panel,UnitedHealthcare,96.64,21.18,30.3,14,2.16,Commercial,2: Mid (1.5-2.5x Medicare)
Kingman Regional Medical Center,Kingman,AZ,Government - Local,3,80053,Comprehensive Metabolic Panel,Cigna,96.64,21.18,39.28,14,2.81,Commercial,3: High (2.5-3.5x Medicare)
Kingman Regional Medical Center,Kingman,AZ,Government - Local,3,80053,Comprehensive Metabolic Panel,Humana,96.64,21.18,31.06,14,2.22,Commercial,2: Mid (1.5-2.5x Medicare)
Kingman Regional Medical Center,Kingman,AZ,Government - Local,3,80053,Comprehensive Metabolic Panel,Medicare,96.64,21.18,13.59,14,0.97,Government,1: Low (<1.5x Medicare)
Kingman Regional Medical Center,Kingman,AZ,Government - Local,3,80053,Comprehensive Metabolic Panel,Medicaid/AHCCCS,96.64,21.18,10.7,14,0.76,Government,1: Low (<1.5x Medicare)
Kingman Regional Medical Center,Kingman,AZ,Government - Local,3,80053,Comprehensive Metabolic Panel,Cash/Self-Pay,96.64,21.18,21.18,14,1.51,Cash,2: Mid (1.5-2.5x Medicare)
Kingman Regional Medical Center,Kingman,AZ,Government - Local,3,36415,Blood Draw,Blue Cross Blue Shield of Arizona,32.85,7.19,10.23,3,3.41,Commercial,3: High (2.5-3.5x Medicare)
Kingman Regional Medical Center,Kingman,AZ,Government - Local,3,36415,Blood Draw,Aetna,32.85,7.19,9.35,3,3.12,Commercial,3: High (2.5-3.5x Medicare)
Kingman Regional Medical Center,Kingman,AZ,Government - Local,3,36415,Blood Draw,UnitedHealthcare,32.85,7.19,6.92,3,2.31,Commercial,2: Mid (1.5-2.5x Medicare)
Kingman Regional Medical Center,Kingman,AZ,Government - Local,3,36415,Blood Draw,Cigna,32.85,7.19,6.9,3,2.3,Commercial,2: Mid (1.5-2.5x Medicare)
Kingman Regional Medical Center,Kingman,AZ,Government - Local,3,36415,Blood Draw,Humana,32.85,7.19,6.48,3,2.16,Commercial,2: Mid (1.5-2.5x Medicare)
Kingman Regional Medical Center,Kingman,AZ,Government - Local,3,36415,Blood Draw,Medicare,32.85,7.19,2.9,3,0.97,Government,1: Low (<1.5x Medicare)
Kingman Regional Medical Center,Kingman,AZ,Government - Local,3,36415,Blood Draw,Medicaid/AHCCCS,32.85,7.19,2.33,3,0.78,Government,1: Low (<1.5x Medicare)
Kingman Regional Medical Center,Kingman,AZ,Government - Local,3,36415,Blood Draw,Cash/Self-Pay,32.85,7.19,7.19,3,2.4,Cash,2: Mid (1.5-2.5x Medicare)
Kingman Regional Medical Center,Kingman,AZ,Government - Local,3,99213,Office Visit (Established Patient),Blue Cross Blue Shield of Arizona,1785.5,229.08,314.59,115,2.74,Commercial,3: High (2.5-3.5x Medicare)
Kingman Regional Medical Center,Kingman,AZ,Government - Local,3,99213,Office Visit (Established Patient),Aetna,1785.5,229.08,285.62,115,2.48,Commercial,2: Mid (1.5-2.5x Medicare)
Kingman Regional Medical Center,Kingman,AZ,Government - Local,3,99213,Office Visit (Established Patient),UnitedHealthcare,1785.5,229.08,224.77,115,1.95,Commercial,2: Mid (1.5-2.5x Medicare)
Kingman Regional Medical Center,Kingman,AZ,Government - Local,3,99213,Office Visit (Established Patient),Cigna,1785.5,229.08,351.39,115,3.06,Commercial,3: High (2.5-3.5x Medicare)
Kingman Regional Medical Center,Kingman,AZ,Government - Local,3,99213,Office Visit (Established Patient),Humana,1785.5,229.08,250.06,115,2.17,Commercial,2: Mid (1.5-2.5x Medicare)
Kingman Regional Medical Center,Kingman,AZ,Government - Local,3,99213,Office Visit (Established Patient),Medicare,1785.5,229.08,109.48,115,0.95,Government,1: Low (<1.5x Medicare)
Kingman Regional Medical Center,Kingman,AZ,Government - Local,3,99213,Office Visit (Established Patient),Medicaid/AHCCCS,1785.5,229.08,97.81,115,0.85,Government,1: Low (<1.5x Medicare)
Kingman Regional Medical Center,Kingman,AZ,Government - Local,3,99213,Office Visit (Established Patient),Cash/Self-Pay,1785.5,229.08,229.08,115,1.99,Cash,2: Mid (1.5-2.5x Medicare)
Kingman Regional Medical Center,Kingman,AZ,Government - Local,3,99283,Emergency Dept Visit (Moderate),Blue Cross Blue Shield of Arizona,2052.44,331.85,410.92,186,2.21,Commercial,2: Mid (1.5-2.5x Medicare)
Kingman Regional Medical Center,Kingman,AZ,Government - Local,3,99283,Emergency Dept Visit (Moderate),Aetna,2052.44,331.85,490.6,186,2.64,Commercial,3: High (2.5-3.5x Medicare)
Kingman Regional Medical Center,Kingman,AZ,Government - Local,3,99283,Emergency Dept Visit (Moderate),UnitedHealthcare,2052.44,331.85,415.64,186,2.23,Commercial,2: Mid (1.5-2.5x Medicare)
Kingman Regional Medical Center,Kingman,AZ,Government - Local,3,99283,Emergency Dept Visit (Moderate),Cigna,2052.44,331.85,504.17,186,2.71,Commercial,3: High (2.5-3.5x Medicare)
Kingman Regional Medical Center,Kingman,AZ,Government - Local,3,99283,Emergency Dept Visit (Moderate),Humana,2052.44,331.85,473.17,186,2.54,Commercial,3: High (2.5-3.5x Medicare)
Kingman Regional Medical Center,Kingman,AZ,Government - Local,3,99283,Emergency Dept Visit (Moderate),Medicare,2052.44,331.85,192.23,186,1.03,Government,1: Low (<1.5x Medicare)
Kingman Regional Medical Center,Kingman,AZ,Government - Local,3,99283,Emergency Dept Visit (Moderate),Medicaid/AHCCCS,2052.44,331.85,161.54,186,0.87,Government,1: Low (<1.5x Medicare)
Kingman Regional Medical Center,Kingman,AZ,Government - Local,3,99283,Emergency Dept Visit (Moderate),Cash/Self-Pay,2052.44,331.85,331.85,186,1.78,Cash,2: Mid (1.5-2.5x Medicare)
Kingman Regional Medical Center,Kingman,AZ,Government - Local,3,27447,Total Knee Replacement,Blue Cross Blue Shield of Arizona,14850.88,2820.42,4499.07,1600,2.81,Commercial,3: High (2.5-3.5x Medicare)
Kingman Regional Medical Center,Kingman,AZ,Government - Local,3,27447,Total Knee Replacement,Aetna,14850.88,2820.42,4982.73,1600,3.11,Commercial,3: High (2.5-3.5x Medicare)
Kingman Regional Medical Center,Kingman,AZ,Government - Local,3,27447,Total Knee Replacement,UnitedHealthcare,14850.88,2820.42,3238.6,1600,2.02,Commercial,2: Mid (1.5-2.5x Medicare)
Kingman Regional Medical Center,Kingman,AZ,Government - Local,3,27447,Total Knee Replacement,Cigna,14850.88,2820.42,3701.79,1600,2.31,Commercial,2: Mid (1.5-2.5x Medicare)
Kingman Regional Medical Center,Kingman,AZ,Government - Local,3,27447,Total Knee Replacement,Humana,14850.88,2820.42,4702.04,1600,2.94,Commercial,3: High (2.5-3.5x Medicare)
Kingman Regional Medical Center,Kingman,AZ,Government - Local,3,27447,Total Knee Replacement,Medicare,14850.88,2820.42,1532.57,1600,0.96,Government,1: Low (<1.5x Medicare)
Kingman Regional Medical Center,Kingman,AZ,Government - Local,3,27447,Total Knee Replacement,Medicaid/AHCCCS,14850.88,2820.42,1234.05,1600,0.77,Government,1: Low (<1.5x Medicare)
Kingman Regional Medical Center,Kingman,AZ,Government - Local,3,27447,Total Knee Replacement,Cash/Self-Pay,14850.88,2820.42,2820.42,1600,1.76,Cash,2: Mid (1.5-2.5x Medicare)
Kingman Regional Medical Center,Kingman,AZ,Government - Local,3,27130,Total Hip Replacement,Blue Cross Blue Shield of Arizona,21396.88,2954.47,5039.53,1545,3.26,Commercial,3: High (2.5-3.5x Medicare)
Kingman Regional Medical Center,Kingman,AZ,Government - Local,3,27130,Total Hip Replacement,Aetna,21396.88,2954.47,3800.97,1545,2.46,Commercial,2: Mid (1.5-2.5x Medicare)
Kingman Regional Medical Center,Kingman,AZ,Government - Local,3,27130,Total Hip Replacement,UnitedHealthcare,21396.88,2954.47,4331.16,1545,2.8,Commercial,3: High (2.5-3.5x Medicare)
Kingman Regional Medical Center,Kingman,AZ,Government - Local,3,27130,Total Hip Replacement,Cigna,21396.88,2954.47,4387.59,1545,2.84,Commercial,3: High (2.5-3.5x Medicare)
Kingman Regional Medical Center,Kingman,AZ,Government - Local,3,27130,Total Hip Replacement,Humana,21396.88,2954.47,3838.55,1545,2.48,Commercial,2: Mid (1.5-2.5x Medicare)
Kingman Regional Medical Center,Kingman,AZ,Government - Local,3,27130,Total Hip Replacement,Medicare,21396.88,2954.47,1549.21,1545,1.0,Government,1: Low (<1.5x Medicare)
Kingman Regional Medical Center,Kingman,AZ,Government - Local,3,27130,Total Hip Replacement,Medicaid/AHCCCS,21396.88,2954.47,1368.83,1545,0.89,Government,1: Low (<1.5x Medicare)
Kingman Regional Medical Center,Kingman,AZ,Government - Local,3,27130,Total Hip Replacement,Cash/Self-Pay,21396.88,2954.47,2954.47,1545,1.91,Cash,2: Mid (1.5-2.5x Medicare)
Kingman Regional Medical Center,Kingman,AZ,Government - Local,3,43239,Upper GI Endoscopy,Blue Cross Blue Shield of Arizona,6816.22,1124.85,1441.67,612,2.36,Commercial,2: Mid (1.5-2.5x Medicare)
Kingman Regional Medical Center,Kingman,AZ,Government - Local,3,43239,Upper GI Endoscopy,Aetna,6816.22,1124.85,1721.26,612,2.81,Commercial,3: High (2.5-3.5x Medicare)
Kingman Regional Medical Center,Kingman,AZ,Government - Local,3,43239,Upper GI Endoscopy,UnitedHealthcare,6816.22,1124.85,1235.94,612,2.02,Commercial,2: Mid (1.5-2.5x Medicare)
Kingman Regional Medical Center,Kingman,AZ,Government - Local,3,43239,Upper GI Endoscopy,Cigna,6816.22,1124.85,1680.65,612,2.75,Commercial,3: High (2.5-3.5x Medicare)
Kingman Regional Medical Center,Kingman,AZ,Government - Local,3,43239,Upper GI Endoscopy,Humana,6816.22,1124.85,1518.39,612,2.48,Commercial,2: Mid (1.5-2.5x Medicare)
Kingman Regional Medical Center,Kingman,AZ,Government - Local,3,43239,Upper GI Endoscopy,Medicare,6816.22,1124.85,582.52,612,0.95,Government,1: Low (<1.5x Medicare)
Kingman Regional Medical Center,Kingman,AZ,Government - Local,3,43239,Upper GI Endoscopy,Medicaid/AHCCCS,6816.22,1124.85,508.45,612,0.83,Government,1: Low (<1.5x Medicare)
Kingman Regional Medical Center,Kingman,AZ,Government - Local,3,43239,Upper GI Endoscopy,Cash/Self-Pay,6816.22,1124.85,1124.85,612,1.84,Cash,2: Mid (1.5-2.5x Medicare)
Kingman Regional Medical Center,Kingman,AZ,Government - Local,3,45378,Colonoscopy,Blue Cross Blue Shield of Arizona,6161.2,794.71,1137.27,492,2.31,Commercial,2: Mid (1.5-2.5x Medicare)
Kingman Regional Medical Center,Kingman,AZ,Government - Local,3,45378,Colonoscopy,Aetna,6161.2,794.71,1477.32,492,3.0,Commercial,3: High (2.5-3.5x Medicare)
Kingman Regional Medical Center,Kingman,AZ,Government - Local,3,45378,Colonoscopy,UnitedHealthcare,6161.2,794.71,1247.75,492,2.54,Commercial,3: High (2.5-3.5x Medicare)
Kingman Regional Medical Center,Kingman,AZ,Government - Local,3,45378,Colonoscopy,Cigna,6161.2,794.71,1444.73,492,2.94,Commercial,3: High (2.5-3.5x Medicare)
Kingman Regional Medical Center,Kingman,AZ,Government - Local,3,45378,Colonoscopy,Humana,6161.2,794.71,973.67,492,1.98,Commercial,2: Mid (1.5-2.5x Medicare)
Kingman Regional Medical Center,Kingman,AZ,Government - Local,3,45378,Colonoscopy,Medicare,6161.2,794.71,495.54,492,1.01,Government,1: Low (<1.5x Medicare)
Kingman Regional Medical Center,Kingman,AZ,Government - Local,3,45378,Colonoscopy,Medicaid/AHCCCS,6161.2,794.71,433.69,492,0.88,Government,1: Low (<1.5x Medicare)
Kingman Regional Medical Center,Kingman,AZ,Government - Local,3,45378,Colonoscopy,Cash/Self-Pay,6161.2,794.71,794.71,492,1.62,Cash,2: Mid (1.5-2.5x Medicare)
Kingman Regional Medical Center,Kingman,AZ,Government - Local,3,59510,Cesarean Section,Blue Cross Blue Shield of Arizona,15591.59,3972.65,7020.93,2100,3.34,Commercial,3: High (2.5-3.5x Medicare)
Kingman Regional Medical Center,Kingman,AZ,Government - Local,3,59510,Cesarean Section,Aetna,15591.59,3972.65,4912.32,2100,2.34,Commercial,2: Mid (1.5-2.5x Medicare)
Kingman Regional Medical Center,Kingman,AZ,Government - Local,3,59510,Cesarean Section,UnitedHealthcare,15591.59,3972.65,5358.17,2100,2.55,Commercial,3: High (2.5-3.5x Medicare)
Kingman Regional Medical Center,Kingman,AZ,Government - Local,3,59510,Cesarean Section,Cigna,15591.59,3972.65,6748.71,2100,3.21,Commercial,3: High (2.5-3.5x Medicare)
Kingman Regional Medical Center,Kingman,AZ,Government - Local,3,59510,Cesarean Section,Humana,15591.59,3972.65,4251.98,2100,2.02,Commercial,2: Mid (1.5-2.5x Medicare)
Kingman Regional Medical Center,Kingman,AZ,Government - Local,3,59510,Cesarean Section,Medicare,15591.59,3972.65,2181.95,2100,1.04,Government,1: Low (<1.5x Medicare)
Kingman Regional Medical Center,Kingman,AZ,Government - Local,3,59510,Cesarean Section,Medicaid/AHCCCS,15591.59,3972.65,1583.55,2100,0.75,Government,1: Low (<1.5x Medicare)
Kingman Regional Medical Center,Kingman,AZ,Government - Local,3,59510,Cesarean Section,Cash/Self-Pay,15591.59,3972.65,3972.65,2100,1.89,Cash,2: Mid (1.5-2.5x Medicare)
